created,text,retwc,hashtag,followers,friends
2017-09-07 17:06:51,b'Medicines for the prevention of malaria .. Cloroxin. Doxycycline. Fluoxin. Bruganil\xe2\x80\xa6 https://t.co/tdHulxeXt7',0,None,25,7
2017-09-07 17:06:31,"b'A @DrTedros focus area is ""ending the epidemics of HIV, tuberculosis, malaria, hepatitis and neglected tropical dis\xe2\x80\xa6 https://t.co/G2JCShR3um'",0,None,2076,1009
2017-09-07 17:06:03,b'Malaria: Italy treating death of girl as manslaughter https://t.co/IQXQy8lL9Z',0,None,874,811
2017-09-07 17:04:56,"b""RT @eNCA: eNCA | #Italy opens manslaughter probe over child's malaria death https://t.co/QdpAsdgTu2 https://t.co/0XtrkM7YBe""",1,Italy,144,573
2017-09-07 17:04:07,b'New method for producing malaria treatment at large scales https://t.co/t8FWeg0qE7 @TechText #TechText',0,TechText,1066,1085
2017-09-07 17:02:21,b'New method for producing malaria treatment at large scales https://t.co/TR1BQci6e3',0,None,490,194
2017-09-07 17:02:20,b'RT @AMike4761: Malaria Death of Four-Year-Old Girl in Italy Reignites Immigration Debate as Syrian Refugees bring disease- #fo2eu  https://\xe2\x80\xa6',189,fo2eu,697,585
2017-09-07 17:01:53,b'Child Dies Of Malaria In Italy And Doctors Are Confused - https://t.co/MmhdtnoC5h',0,None,263,1222
2017-09-07 17:01:50,b'Must read: Remarks of @WHO DG @DrTedros at @WHOSEARO\xe2\x80\x99s #RC70 meeting in Maldives https://t.co/68sZfHbDD0 #MFAP2030 https://t.co/O9L1R8XQwa',0,RC70,1708,1828
2017-09-07 17:01:09,b'We Are Committed to Roll Back Malaria Out of Osun - Gov. Aregbesola https://t.co/WfYEDCSKSj',0,None,69,175
2017-09-07 17:00:52,"b'RT @abbeylad: @chi_chibrown @funkeakindele Na Real malaria. Was it on the remix of ""I wanna rap right now""? \xf0\x9f\x98\x82\xf0\x9f\x98\x82'",1,None,1175,1210
2017-09-07 17:00:40,b'RT @OneHealthCom: #Malaria parasite spreads from howler monkeys to humans; disease eradication concern https://t.co/cZOWtVDMQz #ZoonoticDis\xe2\x80\xa6',9,Malaria,21,58
2017-09-07 17:00:23,b'RT @olympicchannel: From malaria to medal @annyonuora was fighting for her life. 10 months later she stood again on the Olympic podium. @ia\xe2\x80\xa6',12,None,1916,874
2017-09-07 17:00:21,"b""RT @HarvardMalaria: It's #BackToSchool season! Enroll in #MalariaX to learn from top malaria &amp; global health experts \xe2\x80\x94 for free https://t.c\xe2\x80\xa6""",6,BackToSchool,227,1055
2017-09-07 17:00:06,"b'Thousands Hit By Malaria, Dengue As South Asia&amp;#039;s Worst Floods In A Decade Recede  #healthandwellness https://t.co/evjwXpLKAo'",0,healthandwellness,4424,3349
2017-09-07 16:59:25,b'#Phys.org #news\nhttps://t.co/VxBjITj56U New method for producing malaria treatment at large scales',0,Phys,52,20
2017-09-07 16:58:45,b'RT @scienmag: New method for producing malaria treatment at large scales https://t.co/YrTLzwSYuA',3,None,1769,1799
2017-09-07 16:58:16,b'RT @newssourcegy: Health officials in Guyana have reported that they have treated some 368 Venezuelans who crossed the border in... https:/\xe2\x80\xa6',1,None,193,369
2017-09-07 16:58:04,b'RT @AJack: BBC News - Rare malaria death of girl in northern Italy puzzles doctors https://t.co/EMwI2neFxy',7,None,577,388
2017-09-07 16:57:56,"b'NEWS Source: Venezuelans who cross border seeking medical help for malaria, getting assistance from Guyanese... https://t.co/GkP36LHmfB'",0,None,12301,1211
2017-09-07 16:57:02,b'RT @pepnaija: Amazing!\n\nScientists in South Africa Discover a Compound That Could End Malaria: https://t.co/NQRYIpZCNj #Malaria #MG\nBye to\xe2\x80\xa6',69,Malaria,1971,813
2017-09-07 16:56:43,"b'RT @myhtopoeic: Possible reused needle at hospital?\n\nHow did malaria end up in Italy, again?\n\nI think we know the answer. https://t.co/2BUx\xe2\x80\xa6'",8,None,254,314
2017-09-07 16:56:02,b'Health officials in Guyana have reported that they have treated some 368 Venezuelans who crossed the border in... https://t.co/t9V4yASeR9',1,None,1823,54
2017-09-07 16:55:54,"b'Irrational talk is not ""confession of a witch"" \n\nThese illnesses have explainable (and treatable) causes just like Mosquitoes cause malaria.'",0,None,343,262
2017-09-07 16:55:35,b'World Health Organization: Some 1.3 million people have fallen ill with #Malaria in South Sudan this year\xe2\x80\xa6 https://t.co/jLvQy72e6S',0,Malaria,1186,1403
2017-09-07 16:55:19,"b'RT @ArielleDRoss: ""About 13,000 people are ill with diarrhea &amp; respiratory infections in densely populated Bangladesh after floods...""\nhttp\xe2\x80\xa6'",13,None,4077,4800
2017-09-07 16:54:18,b'[Science] New method for producing malaria treatment at large scales https://t.co/643js6Puku',0,None,15,6
2017-09-07 16:54:15,b'Lumapil is an odourless malaria drug approved by WHO. We are sure your recovery would start within 24 hours of firs\xe2\x80\xa6 https://t.co/FdB4lbQuWo',0,None,204,4
2017-09-07 16:53:44,b'RT @scienmag: New method for producing malaria treatment at large scales https://t.co/YrTLzwSYuA',3,None,969,547
2017-09-07 16:52:31,b'New method for producing malaria treatment at large scales https://t.co/OzaVYfxWeV',0,None,9005,7228
2017-09-07 16:52:28,b'This explains everything\n\n#Boldrini #malaria #mussolini #satira https://t.co/iasfLZ89Jo',0,Boldrini,76,338
2017-09-07 16:52:19,"b'@KQEDForum  regarding mosquito abatement, check with rotary international. For many years they have sponsored malaria prevention programs'",0,None,91,206
2017-09-07 16:51:50,"b""eNCA | #Italy opens manslaughter probe over child's malaria death https://t.co/QdpAsdgTu2 https://t.co/0XtrkM7YBe""",1,Italy,1327317,911
2017-09-07 16:51:21,b'New method for producing malaria treatment at large scales https://t.co/YrTLzwSYuA',3,None,193847,54953
2017-09-07 16:50:44,b'New method for producing malaria treatment at large scales https://t.co/xBOETkuqbm #PhysOrg',0,PhysOrg,624,689
2017-09-07 16:50:42,"b'RT @AEI: Cheap drugs are important, but they are not the only ingredient necessary to eradicate malaria. We need innovators. https://t.co/k\xe2\x80\xa6'",1,None,629,297
2017-09-07 16:50:30,"b'""New method for producing malaria treatment at large scales"" https://t.co/OJWOigoeYF'",0,None,38,50
2017-09-07 16:50:13,b'Francesco Moschetta @GlobalFund at #GDRD2017 talks about improving access to HIV/AIDS prevention &amp; counselling #AIDS #Tuberculosis #Malaria',0,GDRD2017,4636,1988
2017-09-07 16:50:13,b'Francesco Moschetta @GlobalFund at #GDRD2017 talks about improving access to HIV/AIDS prevention &amp; counselling #AIDS #Tuberculosis #Malaria',0,GDRD2017,1023,925
2017-09-07 16:48:52,b'RT @olympicchannel: From malaria to medal @annyonuora was fighting for her life. 10 months later she stood again on the Olympic podium. @ia\xe2\x80\xa6',12,None,30,327
2017-09-07 16:47:58,b'RT @DelthiaRicks: Malaria has made a comeback in Italy. A 4 y/o girl has died of the tropical mosquito-borne infection https://t.co/Rc5RyvI\xe2\x80\xa6',2,None,77,115
2017-09-07 16:47:40,b'New method for producing malaria treatment at large scales https://t.co/wcmETo0Gt3 @frontiersin',0,None,6727,0
2017-09-07 16:44:45,b'RT @olympicchannel: From malaria to medal @annyonuora was fighting for her life. 10 months later she stood again on the Olympic podium. @ia\xe2\x80\xa6',12,None,2000,4962
2017-09-07 16:44:15,"b'RT @malarianomoreuk: Clinical trials for the new ""game changing"" malaria drug to begin in 9 countries across Africa &amp; Asia #EndMalaria http\xe2\x80\xa6'",6,EndMalaria,832,525
2017-09-07 16:43:42,"b'RT @myhtopoeic: Possible reused needle at hospital?\n\nHow did malaria end up in Italy, again?\n\nI think we know the answer. https://t.co/2BUx\xe2\x80\xa6'",8,None,4244,4263
2017-09-07 16:43:33,"b""Italy opens manslaughter probe over child's malaria death - Medical Xpress https://t.co/1WRmOT1R88""",0,None,3038,3554
2017-09-07 16:42:44,"b'RT @theipaper: Charlie Webster on surviving malaria, living with PTSD and protecting young athletes\nhttps://t.co/1aC0fb0mIk https://t.co/GA\xe2\x80\xa6'",3,None,56,56
2017-09-07 16:42:00,"b""Going travelling in a few weeks - wifey is buying torches and malaria tablets - I'm deciding which books to take... https://t.co/5eabyg03BQ""",0,None,297,881
2017-09-07 16:41:43,"b'The deep voice of Joy Business News, George Wiafe is supporting the HFC Ride Out Malaria Tour.\n\n#rideoutmalaria\xe2\x80\xa6 https://t.co/eUWcQ6Unbd'",0,rideoutmalaria,204,131
2017-09-07 16:40:53,"b'RT @venusnyota: App to test malaria launched. No needles,no pain. https://t.co/umzsk4iGpg @subinukta @jomwalwega @mwelentuli @LillyUrio'",7,None,17538,994
2017-09-07 16:40:29,b'RT @AMike4761: Malaria Death of Four-Year-Old Girl in Italy Reignites Immigration Debate as Syrian Refugees bring disease- #fo2eu  https://\xe2\x80\xa6',189,fo2eu,127,185
2017-09-07 16:39:11,b'RT @SportswomenSky: On Sportswomen at 11.30 the incredible @annyonuora who won bronze at Rio 11 months after almost dying from Malaria. @ma\xe2\x80\xa6',3,None,2028,5001
2017-09-07 16:38:39,b'RT @olympicchannel: From malaria to medal @annyonuora was fighting for her life. 10 months later she stood again on the Olympic podium. @ia\xe2\x80\xa6',12,None,247,340
2017-09-07 16:37:26,b'RT @UNITAID: A form of #malaria parasite that has spread from howler monkeys to humans in Brazil has been identified https://t.co/bJ09kzhfc\xe2\x80\xa6',7,malaria,12,144
2017-09-07 16:36:36,"b""RT @MailOnline: Italy opens manslaughter probe over four-year-old girl's malaria death https://t.co/AoGoWa2sAE""",17,None,145,252
2017-09-07 16:35:50,"b'RT @circleofblue: Outbreaks of diarrhea, malaria, and dengue hit South Asia after the region\xe2\x80\x99s worst floods in a decade. https://t.co/Wpvmg\xe2\x80\xa6'",1,None,938,2039
2017-09-07 16:35:47,"b""RT @MailOnline: Italy opens manslaughter probe over four-year-old girl's malaria death https://t.co/AoGoWa2sAE""",17,None,5136,5057
2017-09-07 16:35:04,b'The only sickness that our medical doctors can work on comfortably in this country is Malaria/Typhoid. The rest you need God and Money',0,None,1476,847
2017-09-07 16:34:26,b'RT @AMike4761: Malaria Death of Four-Year-Old Girl in Italy Reignites Immigration Debate as Syrian Refugees bring disease- #fo2eu  https://\xe2\x80\xa6',189,fo2eu,1230,712
2017-09-07 16:34:23,b'RT @AMike4761: Malaria Death of Four-Year-Old Girl in Italy Reignites Immigration Debate as Syrian Refugees bring disease- #fo2eu  https://\xe2\x80\xa6',189,fo2eu,2524,2320
2017-09-07 16:34:09,"b'@chi_chibrown @funkeakindele Na Real malaria. Was it on the remix of ""I wanna rap right now""? \xf0\x9f\x98\x82\xf0\x9f\x98\x82'",1,None,135,179
2017-09-07 16:33:10,b'RT @olympicchannel: From malaria to medal @annyonuora was fighting for her life. 10 months later she stood again on the Olympic podium. @ia\xe2\x80\xa6',12,None,2028,5001
2017-09-07 16:33:08,"b""RT @MailOnline: Italy opens manslaughter probe over four-year-old girl's malaria death https://t.co/AoGoWa2sAE""",17,None,579,714
2017-09-07 16:32:42,b'RT @olympicchannel: From malaria to medal @annyonuora was fighting for her life. 10 months later she stood again on the Olympic podium. @ia\xe2\x80\xa6',12,None,424,331
2017-09-07 16:32:40,b'RT @APLMA_Malaria: Prof Feiko of @LSTMnews talks about protecting pregnant women from drug resistant #malaria  https://t.co/JcMvN5v4O7 #end\xe2\x80\xa6',3,malaria,248,33
2017-09-07 16:31:53,"b""RT @IFRCAsiaPacific: Thousands hit by malaria, dengue as South Asia's worst #floods in a decade recede. https://t.co/2RGRp273vj @Reuters""",24,floods,394,95
2017-09-07 16:31:24,"b'RT @myhtopoeic: Possible reused needle at hospital?\n\nHow did malaria end up in Italy, again?\n\nI think we know the answer. https://t.co/2BUx\xe2\x80\xa6'",8,None,579,714
2017-09-07 16:31:22,b'New method for producing malaria treatment at large\xc2\xa0scales https://t.co/VLGZWyORKy',0,None,60,230
2017-09-07 16:30:51,b'RT @ALMA_2030: 29-year-old #Malaria Hunter Habiba Suleiman Sefu is leading the fight to #endMalaria in #Zanzibar https://t.co/pxSCxMSFgm ht\xe2\x80\xa6',2,Malaria,12,22
2017-09-07 16:30:20,b'RT @staywellworld: #HealthNewsFlash: #Malaria:- Italy treating death of girl as manslaughter.... #STAYWELLWORLD',1,HealthNewsFlash,1720,2530
2017-09-07 16:30:08,"b""RT @APHL: Thousands hit by malaria, dengue as South Asia's worst floods in a decade recede https://t.co/cSPPLcAMAL #NatlPrep""",3,NatlPrep,577,388
2017-09-07 16:29:45,b'Just commented on @thejournal_ie: Italy opens manslaughter inquiry after four-year-old dies from malaria - https://t.co/FCBoxrsra0',0,None,6,1
2017-09-07 16:27:53,b'RT @olympicchannel: From malaria to medal @annyonuora was fighting for her life. 10 months later she stood again on the Olympic podium. @ia\xe2\x80\xa6',12,None,907911,1788
2017-09-07 16:27:05,b'RT @OdemwingiePresh: This is Malaria https://t.co/N8T67ocS0f',1,None,1217,637
2017-09-07 16:26:46,"b""RT @HarvardMalaria: It's #BackToSchool season! Enroll in #MalariaX to learn from top malaria &amp; global health experts \xe2\x80\x94 for free https://t.c\xe2\x80\xa6""",6,BackToSchool,65,563
2017-09-07 16:26:19,"b'RT @MoetiTshidi: Progress must speed up to reach the global target of at least a 40% reduction in #malaria cases &amp; deaths by 2020, compared\xe2\x80\xa6'",6,malaria,619,545
2017-09-07 16:26:00,"b'Outbreaks of diarrhea, malaria, and dengue hit South Asia after the region\xe2\x80\x99s worst floods in a decade. https://t.co/WpvmgDuKEb'",1,None,24873,4838
2017-09-07 16:24:21,b'RT @OANN: Italy Faces Malaria Diagnosis Years After Eradicating the Disease - https://t.co/1UJ0O78KUX #OANN https://t.co/zKytihnTkp',56,OANN,4221,2891
2017-09-07 16:23:38,"b""RT @HarvardMalaria: It's #BackToSchool season! Enroll in #MalariaX to learn from top malaria &amp; global health experts \xe2\x80\x94 for free https://t.c\xe2\x80\xa6""",6,BackToSchool,19,99
2017-09-07 16:23:11,b'New method for producing malaria treatment at large scales via @bioengineers',0,None,86,184
2017-09-07 16:23:11,"b""RT @APHL: Thousands hit by malaria, dengue as South Asia's worst floods in a decade recede https://t.co/cSPPLcAMAL #NatlPrep""",3,NatlPrep,344,386
2017-09-07 16:23:06,b'RT @NigeriaNewsdesk: Italy treating death of girl killed by malaria as manslaughter https://t.co/7H1W1I9jE2 via @todayng',1,None,323,391
2017-09-07 16:22:33,b'RT @MalariaWorld: Rare #malaria death of girl in northern Italy puzzles doctors - BBC News https://t.co/C7YNNu4dW9',2,malaria,954,1846
2017-09-07 16:20:59,b'Fuckin malaria! https://t.co/4zFzsF3HxE',0,None,1105,116
2017-09-07 16:20:19,"b""RT @MailOnline: Italy opens manslaughter probe over four-year-old girl's malaria death https://t.co/AoGoWa2sAE""",17,None,40,122
2017-09-07 16:20:16,b'This is Malaria https://t.co/N8T67ocS0f',1,None,2115,1496
2017-09-07 16:19:33,b'Luampil is an odourless malaria drug approved by WHO.  it is available in all leading pharmacy nationwide and a pac\xe2\x80\xa6 https://t.co/gAvOuO8wZD',0,None,204,4
2017-09-07 16:19:17,b'Bout to get me a Nandos fighting malaria top',0,None,978,743
2017-09-07 16:18:16,"b""Italy opens manslaughter probe over girl's malaria death\n       \nhttps://t.co/nXkHLijpCD""",0,None,28,8
2017-09-07 16:17:27,"b'RT @myhtopoeic: Possible reused needle at hospital?\n\nHow did malaria end up in Italy, again?\n\nI think we know the answer. https://t.co/2BUx\xe2\x80\xa6'",8,None,668,296
2017-09-07 16:16:54,b'RT @LSHTM_malaria: Could this be a next-generation antimalarial drug? https://t.co/242gRZVwrY #malaria #blog @lifearc1',6,malaria,115,90
2017-09-07 16:16:45,"b'So sorry to hear this. Please if you have not taken any malaria med, take Lumapil anti malaria drug and you will be\xe2\x80\xa6 https://t.co/RPOidz0j0C'",0,None,204,4
2017-09-07 16:16:39,b'Malaria risk zones expand to higher elevations in Ethiopian Highlands - https://t.co/nJfpfcQsQM',0,None,714,199
2017-09-07 16:14:10,"b'RT @MaharshiDinesh: @VasundharaBJP @swachhbharat @narendramodi RAJ LT Plays key role in all#NATIONAL HEALTH PROGRAMMES-PMSMA,NVBDCP,RNTCP,M\xe2\x80\xa6'",24,None,83,163
2017-09-07 16:13:38,b'RT @pepnaija: Amazing!\n\nScientists in South Africa Discover a Compound That Could End Malaria: https://t.co/NQRYIpZCNj #Malaria #MG\nBye to\xe2\x80\xa6',69,Malaria,109,183
2017-09-07 16:12:27,b'Italy treating death of girl killed by malaria as manslaughter https://t.co/iZ7szhQQF6 via todayng',0,None,241,307
2017-09-07 16:12:13,b'Italy treating death of girl killed by malaria as manslaughter https://t.co/7H1W1I9jE2 via @todayng',1,None,1426018,2
2017-09-07 16:11:17,"b""RT @MailOnline: Italy opens manslaughter probe over four-year-old girl's malaria death https://t.co/AoGoWa2sAE""",17,None,4453,5000
2017-09-07 16:10:09,"b'""Significant headway has been made in controlling malaria""'",0,None,149,26
2017-09-07 16:10:09,"b""RT @HarvardMalaria: It's #BackToSchool season! Enroll in #MalariaX to learn from top malaria &amp; global health experts \xe2\x80\x94 for free https://t.c\xe2\x80\xa6""",6,BackToSchool,233796,2367
2017-09-07 16:10:05,"b""@ticocarr @BitchWithA_W True &amp; accurate. #Malaria fighters not stupid. Public health defenders don't sacrifice live\xe2\x80\xa6 https://t.co/uXHvHqBQ7U""",0,Malaria,4825,5298
2017-09-07 16:10:01,b'RT @Ahmedsaleem: Treating Malaria makes one to feel more of the sickness than having it.',0,None,1092,277
2017-09-07 16:06:52,"b""RT @HarvardMalaria: It's #BackToSchool season! Enroll in #MalariaX to learn from top malaria &amp; global health experts \xe2\x80\x94 for free https://t.c\xe2\x80\xa6""",6,BackToSchool,149,89
2017-09-07 16:06:40,b'RT @BreitbartLondon: Malaria Death of Four-Year-Old Girl in Italy Reignites Immigration Debate\n https://t.co/rvqJMLb9Ca',46,None,725,2026
2017-09-07 16:05:32,"b'RT @bbbrieger: Transforming Intermittent Preventive Treatment for Optimal #Pregnancy #TIPTOP innovative, community-based https://t.co/SjDxi\xe2\x80\xa6'",1,Pregnancy,2085,4723
2017-09-07 16:05:22,b'RT @GaryM: Infographic: Using Gene Drive to Control #Malaria https://t.co/k41MO3QMgx #genetics #science #scichat',1,Malaria,2085,4723
2017-09-07 16:05:18,"b'RT @GlobalHealthOrg: In 2015, there were 212 million cases of #malaria worldwide - via @CDCgov #EndMalaria https://t.co/Etmwmo5UQ6'",3,malaria,2085,4723
2017-09-07 16:05:14,"b""It's #BackToSchool season! Enroll in #MalariaX to learn from top malaria &amp; global health experts \xe2\x80\x94 for free\xe2\x80\xa6 https://t.co/u1sH5Dplue""",6,BackToSchool,1697,585
2017-09-07 16:05:04,b'RT @infravec2: RT @MicrobesInfect Increasing threat of #VectorBorneDisease from #ClimateChange #Malaria #dengue #RiftValleyFever https://t.\xe2\x80\xa6',11,VectorBorneDisease,2085,4723
2017-09-07 16:04:52,"b""RT @ASMnewsroom: Strategy for vaccinating pregnant mothers against #malaria may protect infants - Research in @ASMicrobiology's #CVI https:\xe2\x80\xa6""",12,malaria,2085,4723
2017-09-07 16:04:50,b'RT @MicrobesInfect: Italy investigates #malaria death of child who had not been abroad https://t.co/IpqZW2vraa #mosquitoes',14,malaria,2085,4723
2017-09-07 16:04:47,b'RT @MicrobesInfect: New drugs block transmission of #Plasmodium falciparum from infected host (mouse model) to #mosquitoes https://t.co/Cpb\xe2\x80\xa6',8,Plasmodium,2085,4723
2017-09-07 16:04:42,"b""RT @MicrobesInfect: In A Case That Is 'Almost Impossible,' Girl Dies Of #Malaria In Italy https://t.co/2eGl3yhYF7""",10,Malaria,2085,4723
2017-09-07 16:04:39,b'RT @AleDemogr: From the @MalariaAtlas project: Dominant malaria vectors map in 2010 globally. How did #malaria end up in #Italy? https://t.\xe2\x80\xa6',1,malaria,2085,4723
2017-09-07 16:04:38,"b""It's either this ram has no idea that malaria will not be the cause of his death or the owner\xe2\x80\xa6 https://t.co/5SlXMyfBcn""",0,None,8658,1879
2017-09-07 16:04:35,"b'RT @MENTOR_Hq: Though @WHO declared #Italy #Malaria free in 1970, this case shows battle w/ #disease cannot end at our borders @NPR https:/\xe2\x80\xa6'",2,Italy,2085,4723
2017-09-07 16:04:27,b'RT @Bioiberica: The challenge of #heparin: fighting #cancer and #malaria \xf0\x9f\x8e\xa5 https://t.co/FmVSm3NjfK #100yearsHeparin',1,heparin,2085,4723
2017-09-07 16:04:22,b'RT @Rajkumar__soni: @VasundharaBJP \n#swineflu\n#dengue\n#malaria\n#labtech on mass leave\n Govt should resolve #payanomalies\n#RajLABTECH_DESERV\xe2\x80\xa6',24,swineflu,83,163
2017-09-07 16:04:22,b'RT @pepnaija: Amazing!\n\nScientists in South Africa Discover a Compound That Could End Malaria: https://t.co/NQRYIpZCNj #Malaria #MG\nBye to\xe2\x80\xa6',69,Malaria,2085,4723
2017-09-07 16:04:17,b'@Aaliyah_chan I think the guys who made regular show were on malaria meds',0,None,5194,1526
2017-09-07 16:04:09,"b""RT @MailOnline: Italy opens manslaughter probe over four-year-old girl's malaria death https://t.co/AoGoWa2sAE""",17,None,3741,5000
2017-09-07 16:03:47,"b'RT @myhtopoeic: Possible reused needle at hospital?\n\nHow did malaria end up in Italy, again?\n\nI think we know the answer. https://t.co/2BUx\xe2\x80\xa6'",8,None,3741,5000
2017-09-07 16:03:43,"b'RT @myhtopoeic: Possible reused needle at hospital?\n\nHow did malaria end up in Italy, again?\n\nI think we know the answer. https://t.co/2BUx\xe2\x80\xa6'",8,None,2873,2544
2017-09-07 16:03:31,b'From malaria to Olympic medallist https://t.co/SKtVhjSmu0 posted by BBC News.',0,None,1035,489
2017-09-07 16:03:20,"b'RT @myhtopoeic: Possible reused needle at hospital?\n\nHow did malaria end up in Italy, again?\n\nI think we know the answer. https://t.co/2BUx\xe2\x80\xa6'",8,None,8679,9135
2017-09-07 16:03:15,b'VOA learning English - How Irrigation Systems Can Increase Malaria Risk: https://t.co/rbHLPrF2dy via @YouTube',0,None,9,9
2017-09-07 16:03:09,"b""RT @MailOnline: Italy opens manslaughter probe over four-year-old girl's malaria death https://t.co/AoGoWa2sAE""",17,None,7498,7943
2017-09-07 16:03:06,"b""I tell ya what I don't miss - taken those vile anti malaria tablets. #DominicanRepublic""",0,DominicanRepublic,216,639
2017-09-07 16:02:54,"b'Possible reused needle at hospital?\n\nHow did malaria end up in Italy, again?\n\nI think we know the answer. https://t.co/2BUxLQHFs0'",8,None,2651,777
2017-09-07 16:02:36,"b'RT MailOnline ""Italy opens manslaughter probe over four-year-old girl\'s malaria death https://t.co/9WaxMWRNvP""'",0,None,410,149
2017-09-07 16:02:08,b'The challenge of #heparin: fighting #cancer and #malaria \xf0\x9f\x8e\xa5 https://t.co/FmVSm3NjfK #100yearsHeparin',1,heparin,1556,827
2017-09-07 16:01:54,"b'Just In&gt;&gt; ""\nItaly opens manslaughter probe over girl\'s malaria death\n      "" \nhttps://t.co/ShSo6vboSW'",0,None,2676,1409
2017-09-07 16:01:51,"b""RT @MailOnline: Italy opens manslaughter probe over four-year-old girl's malaria death https://t.co/AoGoWa2sAE""",17,None,4210,4576
2017-09-07 16:01:46,"b""RT @GoldCoastReport: It's a shame we lost out on a potential 5\xe2\xad\x90 rating cos of how long it took tea to cool &amp; too much malaria https://t.co/\xe2\x80\xa6""",4,None,899,605
2017-09-07 16:00:16,"b""RT @MailOnline: Italy opens manslaughter probe over four-year-old girl's malaria death https://t.co/AoGoWa2sAE""",17,None,80,206
2017-09-07 16:00:02,"b""On 25/08/17 @JamesMNMUK &amp; @RentokilInitial took part in the 'Triple Challenge' fundraising for @malarianomoreuk https://t.co/f3xCApxJWE""",0,None,8460,2164
2017-09-07 15:59:28,"b""RT @MailOnline: Italy opens manslaughter probe over four-year-old girl's malaria death https://t.co/AoGoWa2sAE""",17,None,557,721
2017-09-07 15:59:28,b'RT @NOAAClimate: Malaria risk zones are climbing mountains. New research from @climatesociety. https://t.co/KpVOSR2RAW https://t.co/lE1m2Hs\xe2\x80\xa6',33,None,9005,2898
2017-09-07 15:59:16,"b""MailOnline : Italy opens manslaughter probe over four-year-old girl's malaria death https://t.co/5nx7m6Nvv7 (via \xe2\x80\xa6\xe2\x80\xa6 https://t.co/wDwO6rX6yF""",0,None,576,3795
2017-09-07 15:59:12,"b""RT @GoldCoastReport: It's a shame we lost out on a potential 5\xe2\xad\x90 rating cos of how long it took tea to cool &amp; too much malaria https://t.co/\xe2\x80\xa6""",4,None,2130,757
2017-09-07 15:58:27,"b""RT @MailOnline: Italy opens manslaughter probe over four-year-old girl's malaria death https://t.co/AoGoWa2sAE""",17,None,19151,1327
2017-09-07 15:58:26,"b""RT @MailOnline: Italy opens manslaughter probe over four-year-old girl's malaria death https://t.co/AoGoWa2sAE""",17,None,4332,4985
2017-09-07 15:58:02,b'RT @RollBackMalaria: #ClimateChange accelerates the spread of #malaria. @RollBackMalaria Board Chair attending #RC70 welcomes the signing o\xe2\x80\xa6',3,ClimateChange,4876,143
2017-09-07 15:57:43,"b""RT @MailOnline: Italy opens manslaughter probe over four-year-old girl's malaria death https://t.co/AoGoWa2sAE""",17,None,1896,1361
2017-09-07 15:57:41,"b""RT @MailOnline: Italy opens manslaughter probe over four-year-old girl's malaria death https://t.co/AoGoWa2sAE""",17,None,2070,2528
2017-09-07 15:57:18,"b""Italy opens manslaughter probe over four-year-old girl's malaria death https://t.co/AoGoWa2sAE""",17,None,2078870,2408
2017-09-07 15:57:15,"b'Top story: Italy treating death of girl killed by malaria as manslaughter | TOD\xe2\x80\xa6 https://t.co/4rWOt2AhzC, see more https://t.co/ZbgHQJYIwG'",0,None,1445,1121
2017-09-07 15:55:31,b'RT @RollBackMalaria: #ClimateChange accelerates the spread of #malaria. @RollBackMalaria Board Chair attending #RC70 welcomes the signing o\xe2\x80\xa6',3,ClimateChange,25,69
2017-09-07 15:55:17,"b'This gut worm is more common than malaria\xe2\x80\x94and it\xe2\x80\x99s a deadly, ticking time bomb https://t.co/46yrI8uKTu via @arstechnica'",0,None,2411,2470
2017-09-07 15:55:03,"b""Italy opens manslaughter probe over girl's malaria\xc2\xa0death https://t.co/fF8pAnw8Y7 https://t.co/RPccUiPrvg""",0,None,532,741
2017-09-07 15:54:48,"b'RT @NIAIDNews: NIAID funds &amp; conducts #mosquito research to fight #malaria, #Zika &amp; more. #WorldMosquitoDay https://t.co/av9xArV5kv'",5,mosquito,212,168
2017-09-07 15:52:39,b'Geography prof: What do you think of when I say Tropic?\nRandom student: Malaria!\n\xf0\x9f\x98\x82',0,None,785,2376
2017-09-07 15:52:19,"b""'I had to learn to walk again'\nMosquitos, malaria and near death for athlete \n https://t.co/9xjNWuM4UM""",0,None,416,159
2017-09-07 15:52:03,"b""RT @APHL: Thousands hit by malaria, dengue as South Asia's worst floods in a decade recede https://t.co/cSPPLcAMAL #NatlPrep""",3,NatlPrep,350,577
2017-09-07 15:51:02,"b'Transforming Intermittent Preventive Treatment for Optimal #Pregnancy #TIPTOP innovative, community-based https://t.co/SjDxizlQy8 #malaria'",1,Pregnancy,2939,2772
2017-09-07 15:50:32,b'Know of anyone traveling to an orphanage or school in a malaria endemic area? Please tell them about Nets 4 Kids! https://t.co/DvPqvEZIyp',0,None,27,102
2017-09-07 15:49:05,"b""@ticocarr @BitchWithA_W I've read three pieces Offit wrote in the topic. It's absolutely inexplicable how he could\xe2\x80\xa6 https://t.co/zePWg84epr""",0,None,4825,5298
2017-09-07 15:47:46,b'Need someone to help talk to dis malaria abeg \xf0\x9f\x98\x91\xf0\x9f\x98\x91',0,None,63,176
2017-09-07 15:46:28,b'RT @itzkidmarley: The worst thing about malaria is the useless dreams you will be having. How can I be eating beans and bread with mbappe i\xe2\x80\xa6',7,None,5194,1526
2017-09-07 15:45:19,b'Would be useful if the malaria world similarly recognized accomplishments short of eliminating all transmission https://t.co/nXfwDQa94j',0,None,134,92
2017-09-07 15:44:03,b'RT @WSPA7: Italy orders investigation after child dies of malaria https://t.co/Y4BoGOJyBS',2,None,127,101
2017-09-07 15:42:42,"b""@theonlywayisup she's got enough problems with a name like Malaria!!""",0,None,1415,699
2017-09-07 15:42:00,"b""Thousands hit by malaria, dengue as South Asia's worst floods in a decade recede https://t.co/cSPPLcAMAL #NatlPrep""",3,NatlPrep,4221,1796
2017-09-07 15:41:48,b'South Sudan: South Sudan\xe2\x80\x99s malaria toll highlights disease burden in war-torn\xc2\xa0nation https://t.co/liXWmIPEW6 https://t.co/IrN0LSWHwd',0,None,6,1
2017-09-07 15:41:22,b'RT @olympicchannel: From malaria to medal @annyonuora was fighting for her life. 10 months later she stood again on the Olympic podium. @ia\xe2\x80\xa6',12,None,681,840
2017-09-07 15:40:53,"b'@ the regional committee meeting issues like yellow fever, STIs, NCDS, and malaria were looked @ in depth #WHAZW18 @MoHCCZim @WHOAFRO'",0,WHAZW18,214865,36002
2017-09-07 15:40:04,b'Italy orders investigation after child dies of malaria https://t.co/tjmJifl4bo',0,None,38767,37933
2017-09-07 15:39:52,"b""RT @GoldCoastReport: It's a shame we lost out on a potential 5\xe2\xad\x90 rating cos of how long it took tea to cool &amp; too much malaria https://t.co/\xe2\x80\xa6""",4,None,84,2
2017-09-07 15:39:29,b'RT @itzkidmarley: The worst thing about malaria is the useless dreams you will be having. How can I be eating beans and bread with mbappe i\xe2\x80\xa6',7,None,1134,432
2017-09-07 15:39:20,b'RT @Novartis: \xe2\x9a\xa1\xef\xb8\x8f \xe2\x80\x9cMalaria: the next stage in the fightback  \xe2\x80\x9d by @Novartis\n\nhttps://t.co/6OFGdjir6O',84,None,2795,4527
2017-09-07 15:38:33,b'RT @MicrobesInfect: New drugs block transmission of #Plasmodium falciparum from infected host (mouse model) to #mosquitoes https://t.co/Cpb\xe2\x80\xa6',8,Plasmodium,107,159
2017-09-07 15:37:56,b'RT @cyrus_de_vyrus: It will be soo painful to use condom your entire sexual life and die of malaria..',562,None,77,218
2017-09-07 15:37:05,b'Italy orders investigation after child dies of malaria https://t.co/Y4BoGOJyBS',2,None,54421,335
2017-09-07 15:36:24,b'RT @switchtohealth: 5 Ayurvedic Remedies for Malaria that Will Help You Recover Quickly https://t.co/x8Tyn1NLN4',6,None,23,193
2017-09-07 15:33:41,b'RT @MalariaAtlas: Fine scale mapping of #malaria using routine health facility data in urban Tanzania identifies hotspots.@KitutuJR https:/\xe2\x80\xa6',10,malaria,573,750
2017-09-07 15:33:36,b'BBC Sport - Anyika Onuora: From malaria to Olympic medallist in 10 months https://t.co/V7Hbs5ieTj',0,None,441,363
2017-09-07 15:32:50,"b""RT @GoldCoastReport: It's a shame we lost out on a potential 5\xe2\xad\x90 rating cos of how long it took tea to cool &amp; too much malaria https://t.co/\xe2\x80\xa6""",4,None,2440,626
2017-09-07 15:31:39,b'RT @ExtremeBlitzz: WE NEED A FAT RUSSIAN BLACK DISNEY PRINCESS WITH TERMINAL MALARIA AND AIDS',49,None,17,59
2017-09-07 15:31:12,"b""It's a shame we lost out on a potential 5\xe2\xad\x90 rating cos of how long it took tea to cool &amp; too much malaria https://t.co/eppuHU9hE1""",4,None,161,36
2017-09-07 15:30:40,"b'RT @MalawiUNICEF: Training Health Surveillance Assistants is essential because they identify, treat and refer children with common illnesse\xe2\x80\xa6'",5,None,244,644
2017-09-07 15:30:18,b'BHGS has been successful in retaining its International School status! The British Council praised our malaria... https://t.co/vnR8JV01Wh',0,None,171,35
2017-09-07 15:29:58,"b""@NFLNinja_PhD Where's Malaria's college degree bro?""",0,None,152,395
2017-09-07 15:29:31,b'BBC Sport - Anyika Onuora: From malaria to Olympic medallist in 10 months https://t.co/aKA0K2DoAD',0,None,72,551
2017-09-07 15:29:06,b'RT @itzkidmarley: The worst thing about malaria is the useless dreams you will be having. How can I be eating beans and bread with mbappe i\xe2\x80\xa6',7,None,85,245
2017-09-07 15:28:40,"b'Malaria Transmission From Monkeys to Humans, Study Finds https://t.co/agOiIXhxXA'",0,None,361,35
2017-09-07 15:25:28,"b'Baygon to prevent Mosquitoes is now N1,500 and Artesunate to cure Malaria is N400..\nPleas, is prevention still beter than cure???'",0,None,31,84
2017-09-07 15:23:53,"b'Minister of State, Joseph Harmon today reported that at least 368 cases of Malaria have\xe2\x80\xa6 https://t.co/GWacsOutq2 https://t.co/cKgSJUCvrg'",0,None,186,215
2017-09-07 15:22:30,"b'Guyana has decided to intensify measles surveillance near the border with Venezuela, even as nationals of that... https://t.co/NTsHUvIJyP'",0,None,8017,202
2017-09-07 15:22:19,b'Guyana heightens measles surveillance near Venezuela border; treating Venezuelans for malaria\xe2\x80\xa6 https://t.co/KpvtdBJPDH',0,None,8017,202
2017-09-07 15:21:58,b'RT @mbrukia: Malaria prevalence continues to reduce in Uganda: Revealed at Malaria review meeting @opigojimmy @MinofHealthUG @ntvuganda @At\xe2\x80\xa6',4,None,199,204
2017-09-07 15:21:36,b'From malaria to Olympic medallist in 10 months https://t.co/Lvsxz2jnnW https://t.co/yuyA1GxoTN',0,None,2,45
2017-09-07 15:21:10,"b'RT @MoH_mv: ""Maldives has eliminated Malaria, Lymphatic Filariasis, Polio and now #Measles, remarkable achievements."" - Dr Poonam Khetrapal\xe2\x80\xa6'",42,Measles,102,683
2017-09-07 15:20:28,"b""@NFLNinja_PhD Trump University graduate I see. Where's Malaria's college degree?""",0,None,152,395
2017-09-07 15:20:18,"b'#Mosquito menace in #Delhi: Dengue cases cross 1000 mark, 524 of #malaria\nhttps://t.co/Uy5wliFLGy'",0,Mosquito,15,131
2017-09-07 15:19:44,b'RT @fIirtation: A girls favorite text https://t.co/Qrxlhggucb',15,None,209,332
2017-09-07 15:19:11,"b""RT @NatashaFatah: Thousands hit by malaria, dengue as South Asia's worst floods in a decade recede https://t.co/SD00FuuSV2""",13,None,2835,4274
2017-09-07 15:18:59,b'RT @GirlPosts: me: *completely detached and distant* \n\nalso me: *easily attached and clingy*',1376,None,209,332
2017-09-07 15:18:33,b'RT @MinofHealthUG: Budaka District registers drop in Malaria prevalence from 47% to 16.1%.This has been attributed to @GovUganda multi pron\xe2\x80\xa6',20,None,43703,48000
2017-09-07 15:17:53,b'@AEI France during Algeria colonisation stopped malaria by working on the environnement and healthcare .',0,None,424,797
2017-09-07 15:17:44,"b'Cheap drugs are important, but they are not the only ingredient necessary to eradicate malaria. We need innovators. https://t.co/5GiEDfOQOn'",0,None,5517,5068
2017-09-07 15:17:43,"b""@NFLNinja_PhD Where's Malaria's college degree?""",0,None,152,395
2017-09-07 15:16:26,b'RT @cyrus_de_vyrus: It will be soo painful to use condom your entire sexual life and die of malaria..',562,None,107,131
2017-09-07 15:15:11,"b""@NFLNinja_PhD Is that all you got? Where's Malaria's college degree?""",0,None,152,395
2017-09-07 15:15:11,"b'Cheap drugs are important, but they are not the only ingredient necessary to eradicate malaria. We need innovators. https://t.co/k3wXWJD77H'",1,None,97795,6248
2017-09-07 15:14:09,b'What shud I do ?How does one stop this? #malaria #dengue #Bangalorehealthcommission #BMTC \n#bangalorerains #bangaloremirror #bangaloretimes',0,malaria,48,132
2017-09-07 15:13:33,b'Deadly Malaria Appears To Have Returned To Italy After Decades Via Infected Muslims &amp;amp; Black Africans https://t.co/nJRuU0LkSr',0,None,672,1542
2017-09-07 15:12:00,b'RT @bbbrieger: https://t.co/VesL2z2hXE only 7% health commodities thru #Chemonics #supplychain project arrived at destination \xe2\x80\x98on time &amp; in\xe2\x80\xa6',1,Chemonics,1331,221
2017-09-07 15:11:02,b'RT @R4Randall1: Malaria Death of Four-Year-Old Girl in Italy Reignites Immigration Debate - Breitbart https://t.co/BdjAHYSDLu',1,None,295,494
2017-09-07 15:09:48,b'RT @Kharamel_Dip: My hometown witches really followed me here with malaria...smh\nMans is actually hot right now \xe2\x98\xb9\xef\xb8\x8f',1,None,1540,634
2017-09-07 15:09:39,b'Anyika Onuora: From malaria to Olympic medallist in 10 months https://t.co/512xVPq1Oj',0,None,57,278
2017-09-07 15:09:31,b'RT @2nd_Amendment: Malaria Death of Four-Year-Old Girl in Italy Reignites Immigration Debate\n\nhttps://t.co/9gLuS3SyQZ',2,None,3963,3337
2017-09-07 15:07:40,b'RT @MinofHealthUG: Budaka District registers drop in Malaria prevalence from 47% to 16.1%.This has been attributed to @GovUganda multi pron\xe2\x80\xa6',20,None,951,1427
2017-09-07 15:07:04,"b'#Wildfire smoke in US spreads eastward, 3 hurricanes churn in the Atlantic, &amp; in S. Asia diseased #floodwaters\xe2\x80\xa6 https://t.co/mTmH3KWVW9'",0,Wildfire,268,478
2017-09-07 15:06:48,b'RT @cyrus_de_vyrus: It will be soo painful to use condom your entire sexual life and die of malaria..',562,None,767,700
2017-09-07 15:06:30,b'RT @thereaIbanksy: Air Pollution Kills More Children Globally Than Malaria. https://t.co/pxcJldKFA8',1247,None,701,1465
2017-09-07 15:06:19,b'RT @JohnJplnd: @QhaweNgubane Please Hillary go on a long long long vacation with no internet access on a remote malaria infested uninhabite\xe2\x80\xa6',1,None,68,30
2017-09-07 15:05:45,b'RT @HazardChaos: Didier Drogba once stopped a civil war in his country. He also recovered from Malaria in 26 minutes. The man is a living l\xe2\x80\xa6',10,None,795,339
2017-09-07 15:05:26,"b'countries: India, Pakistan, Nepal Bangladesh,1,400 ppl killed, thousands others hit w/diarrhea,malaria,dengue. \n https://t.co/bGzXaA1RT4'",0,None,223,286
2017-09-07 15:05:13,b'RT @thedailybeast: Malaria was eradicated from Italy in 1970 but 4yo who died this week could not have contracted it anywhere but Italy htt\xe2\x80\xa6',14,None,1,69
2017-09-07 15:04:27,b'@QhaweNgubane Please Hillary go on a long long long vacation with no internet access on a remote malaria infested uninhabited island!',1,None,68,30
2017-09-07 15:03:50,"b'RT @Solidarity_BSI: 252,000 cases of malaria per week = 1million cases per months. A huge burden for the poorest country in the world! Smar\xe2\x80\xa6'",1,None,3379,1307
2017-09-07 15:03:41,"b'RT @iwacuinfo: #Burundi \xe2\x80\x9cSince the ministry declared malaria as an epidemic, more than 252,000 cases detected per week"",T.Ndikumana https:/\xe2\x80\xa6'",4,Burundi,3379,1307
2017-09-07 15:03:30,"b'RT @WasteAidUK: Waste &amp; pollution kill 9 million people a year, 20x more than malaria (@WHO). #WasteManagement for #Health. #SDG3 https://t\xe2\x80\xa6'",9,WasteManagement,1048,782
2017-09-07 15:03:13,b'Malaria Death of Four-Year-Old Girl in Italy Reignites Immigration Debate\n\nhttps://t.co/9gLuS3SyQZ',2,None,30377,27666
2017-09-07 15:03:01,b'RT @Officially_LeB: @ClassicFM973 @YinkaOretuga Down with malaria but thy musical lit me up . Big ups classic',0,None,3713,449
2017-09-07 15:01:56,b'RT @RollBackMalaria: #ClimateChange accelerates the spread of #malaria. @RollBackMalaria Board Chair attending #RC70 welcomes the signing o\xe2\x80\xa6',3,ClimateChange,76,329
2017-09-07 15:01:17,b'Top malaria @rightrelevance influencers (https://t.co/YsCoBZ8dyh) to follow https://t.co/52zMFJ1UOf',0,None,3781,1863
2017-09-07 15:01:10,b'#ClimateChange accelerates the spread of #malaria. @RollBackMalaria Board Chair attending #RC70 welcomes the signin\xe2\x80\xa6 https://t.co/nj6CdvXB6O',3,ClimateChange,16545,7302
2017-09-07 15:01:03,b'RT @olympicchannel: From malaria to medal @annyonuora was fighting for her life. 10 months later she stood again on the Olympic podium. @ia\xe2\x80\xa6',12,None,56,333
2017-09-07 15:00:55,b'Did you remember to take your #malaria pill? We hope you did!',0,malaria,82,49
2017-09-07 15:00:32,"b""RT @NPRHealth: In A Case That Is 'Almost Impossible,' Girl Dies Of Malaria In Italy https://t.co/nHA32O113Y""",17,None,4608,5037
2017-09-07 14:59:21,"b""Great evening, ruined by https://t.co/5nJy7YCOK1 around my ankles is burning with the sting.Malaria,Dengue! I'm going into depression first.""",1,None,274,607
2017-09-07 14:59:05,"b""@JVataj @Jean4wishes @RedCross @CruzRoja_MX What if someone gets sick...? Seriously? It's not like they're surround\xe2\x80\xa6 https://t.co/xFL12vHD6x""",0,None,1392,1625
2017-09-07 14:58:57,b'My hometown witches really followed me here with malaria...smh\nMans is actually hot right now \xe2\x98\xb9\xef\xb8\x8f',1,None,1170,329
2017-09-07 14:58:41,b'Malaria Death of Four-Year-Old Girl in Italy Reignites Immigration Debate - Breitbart https://t.co/BdjAHYSDLu',1,None,5428,4046
2017-09-07 14:57:36,b'@NFLNinja_PhD Malaria Tramp was an ex soft porn model who lied about having a college degree plagiarized parts of h\xe2\x80\xa6 https://t.co/yHdMbqoeSE',0,None,152,395
2017-09-07 14:57:31,b'MEDICAL ISSUES ALL OVER THE WORLD \n\nThe Global Medical Press is out! https://t.co/AX0c0kqfvo #malaria #yemen',0,malaria,262,1659
2017-09-07 14:57:02,"b'NEW DELHI (Reuters) - Thousands of people are suffering from an outbreak of diarrhea, malaria and dengue in... https://t.co/Nq5ttoHoue'",0,None,1613,1952
2017-09-07 14:56:59,"b'Thousands Hit By Malaria, Dengue As South Asia\xe2\x80\x99s Worst Floods In A Decade\xc2\xa0Recede https://t.co/Yj1GsObhEB https://t.co/vvao6iXFTt'",0,None,1613,1952
2017-09-07 14:56:58,"b'NEW DELHI (Reuters) - Thousands of people are suffering from an outbreak of diarrhea, malaria and dengue in... https://t.co/vXgmGJOZpd'",0,None,1613,1952
2017-09-07 14:55:53,b'@AlfioKrancic geniale #malaria #Boldrini https://t.co/C75NBp0p6E',0,malaria,435,849
2017-09-07 14:54:21,"b'RT @iwacuinfo: #Burundi \xe2\x80\x9cSince the ministry declared malaria as an epidemic, more than 252,000 cases detected per week"",T.Ndikumana https:/\xe2\x80\xa6'",4,Burundi,1987,169
2017-09-07 14:54:14,"b'@danjbecker @ceid_uga @UGAEcology thanks @danjbecker . And yes, please apply, especially if you love math models, m\xe2\x80\xa6 https://t.co/gYEFmYGMgv'",0,None,117,53
2017-09-07 14:53:01,b'RT @switchtohealth: 5 Ayurvedic Remedies for Malaria that Will Help You Recover Quickly https://t.co/x8Tyn1NLN4',6,None,5,22
2017-09-07 14:52:56,b'Saw a malaria parasite under a microscope today! I am sooo intrigued \xf0\x9f\xa4\x93\xf0\x9f\xa4\x93',0,None,68,165
2017-09-07 14:51:02,b'RT @olympicchannel: From malaria to medal @annyonuora was fighting for her life. 10 months later she stood again on the Olympic podium. @ia\xe2\x80\xa6',12,None,578,1235
2017-09-07 14:50:06,b'From malaria to medal @annyonuora was fighting for her life. 10 months later she stood again on the Olympic podium.\xe2\x80\xa6 https://t.co/J9CtacihBw',12,None,307149,4836
2017-09-07 14:49:28,"b'RT @MalariaAtlas: Malaria outbreak kills over 4,000 in #SouthSudan, most severe the country has ever seen. &gt;900,000 cases. https://t.co/c77\xe2\x80\xa6'",22,SouthSudan,62,441
2017-09-07 14:47:44,"b""#Italy opens #manslaughter #probe over #child 's malaria #death https://t.co/Bx6BR7Ix8f""",0,Italy,554,478
2017-09-07 14:45:13,b'Typhoid and malaria',0,None,957,483
2017-09-07 14:45:10,"b'RT @malarianomoreuk: Clinical trials for the new ""game changing"" malaria drug to begin in 9 countries across Africa &amp; Asia #EndMalaria http\xe2\x80\xa6'",6,EndMalaria,154,265
2017-09-07 14:44:39,"b""Italy opens manslaughter probe over child's malaria death https://t.co/1EZhX3rpQ8""",0,None,9005,7228
2017-09-07 14:44:23,b'RT @pepnaija: Amazing!\n\nScientists in South Africa Discover a Compound That Could End Malaria: https://t.co/NQRYIpZCNj #Malaria #MG\nBye to\xe2\x80\xa6',69,Malaria,44,308
2017-09-07 14:44:10,"b'""The Risorse Umane HR Daily"" is out! https://t.co/LyV1ut5E6O Stories via @rostili #malaria #lavoro'",0,malaria,1705,406
2017-09-07 14:43:55,b'RT @Michael_0000: Italy Faces Malaria Diagnosis Years After Eradicating the Disease  -  https://t.co/ZkzDAHM6df https://t.co/yj39sapSfT',1,None,11574,239
2017-09-07 14:42:58,"b""Italy opens manslaughter probe over child's #malaria death https://t.co/w5le9vWHEA""",0,malaria,6277,1
2017-09-07 14:42:54,"b'""Death of girl by malaria"", dear https://t.co/b5FPfcpTrS'",0,None,1202,568
2017-09-07 14:42:13,b'From malaria to Olympic medallist in 10 months https://t.co/uw7WWxj6fr',0,None,29,8
2017-09-07 14:40:06,b'RT @todayng: Italy treating death of girl killed by malaria as manslaughter https://t.co/B2Kk7ZsFeM',2,None,432,1246
2017-09-07 14:39:53,b'Italy treating death of girl killed by malaria as manslaughter https://t.co/8B8iqwAX8K via todayng',0,None,241,307
2017-09-07 14:39:51,b'RT @todayng: Italy treating death of girl killed by malaria as manslaughter https://t.co/B2Kk7ZsFeM',2,None,113,250
2017-09-07 14:38:38,"b""@EdDarrell @BitchWithA_W Ed, I understand the science of biomagnification and persistence.  I'm talking about the u\xe2\x80\xa6 https://t.co/iPBrvMhk11""",0,None,29,244
2017-09-07 14:38:29,"b""funny how girls in school from the age of like 13 - 16 are fine throughout the summer but when school hits they've all got fuckin malaria""",0,None,90,145
2017-09-07 14:38:08,b'Italy treating death of girl killed by malaria as manslaughter https://t.co/B2Kk7ZsFeM',2,None,105320,2
2017-09-07 14:38:08,b'Italy treating death of girl killed by malaria as manslaughter https://t.co/hmybPs1cs5 via @todayng',0,None,1426018,2
2017-09-07 14:37:52,b'@DavidCornDC Zika. Malaria. West Nile. Dengue. Encephalitis. Any/all possible.',0,None,27,58
2017-09-07 14:36:49,b'RT @MEASURE_Eval: Findings from an assessment of the progress of #malaria interventions and outcomes in Nigeria https://t.co/XW9qM4MRG7 htt\xe2\x80\xa6',1,malaria,1346,1651
2017-09-07 14:35:49,b'RT @cyrus_de_vyrus: It will be soo painful to use condom your entire sexual life and die of malaria..',562,None,145,117
2017-09-07 14:35:25,b'Non-travel-assoc. malaria case n Italy: Update from #ProMED EpiCORE  https://t.co/bG5BZRc2G6',0,ProMED,98,472
2017-09-07 14:34:29,b'RT @LSHTM_malaria: Could this be a next-generation antimalarial drug? https://t.co/242gRZVwrY #malaria #blog @lifearc1',6,malaria,4408,518
2017-09-07 14:33:39,b'RT @cyrus_de_vyrus: It will be soo painful to use condom your entire sexual life and die of malaria..',562,None,860,1930
2017-09-07 14:33:34,b'Italy Faces Malaria Diagnosis Years After Eradicating the Disease  -  https://t.co/ZkzDAHM6df https://t.co/yj39sapSfT',1,None,1198255,13340
2017-09-07 14:33:14,b'@trentster @SselLanie @PinkHillProps @realDonaldTrump How stupid is Lanie! Shall we check? https://t.co/VYF0UpJYal',0,None,182,450
2017-09-07 14:32:11,b'RT @thereaIbanksy: Air Pollution Kills More Children Globally Than Malaria. https://t.co/pxcJldKFA8',1247,None,87,97
2017-09-07 14:31:15,b'Vaccines are vital - insight https://t.co/b83uUR1vPw https://t.co/MAhb2Clz7u',0,None,3781,1863
2017-09-07 14:31:05,"b'Fight against malaria requires innovators, not just cost-cutters https://t.co/QmkbC3rL8C What about multivector control incl. pesticides?'",0,None,58,28
2017-09-07 14:30:46,"b'@ASCOPost ""#VaccinesWORK!&gt;Targeting&gt;#AntibioticResistantBugs~Ongoing&gt;#ScientificResearchFindingsApplications&amp;FundingSupports&gt;#Malaria/Polio""'",0,VaccinesWORK,281,670
2017-09-07 14:28:16,b'Anyika Onuora: From malaria to Olympic medallist in 10 months https://t.co/4FMU7EXHvy https://t.co/hujaZD7Qdt',0,None,1030,222
2017-09-07 14:27:12,b'RT @cyrus_de_vyrus: It will be soo painful to use condom your entire sexual life and die of malaria..',562,None,180,356
2017-09-07 14:25:13,b'5 Ayurvedic Remedies for Malaria that Will Help You Recover Quickly https://t.co/S5QEJ5NoA1',0,None,125,192
2017-09-07 14:24:52,b'RT @pepnaija: Amazing!\n\nScientists in South Africa Discover a Compound That Could End Malaria: https://t.co/NQRYIpZCNj #Malaria #MG\nBye to\xe2\x80\xa6',69,Malaria,84,81
2017-09-07 14:24:52,b'RT @pepnaija: Amazing!\n\nScientists in South Africa Discover a Compound That Could End Malaria: https://t.co/NQRYIpZCNj #Malaria #MG\nBye to\xe2\x80\xa6',69,Malaria,164,392
2017-09-07 14:24:51,b'RT @pepnaija: Amazing!\n\nScientists in South Africa Discover a Compound That Could End Malaria: https://t.co/NQRYIpZCNj #Malaria #MG\nBye to\xe2\x80\xa6',69,Malaria,588,967
2017-09-07 14:24:51,b'RT @pepnaija: Amazing!\n\nScientists in South Africa Discover a Compound That Could End Malaria: https://t.co/NQRYIpZCNj #Malaria #MG\nBye to\xe2\x80\xa6',69,Malaria,8396,8430
2017-09-07 14:24:38,"b'252,000 cases of malaria per week = 1million cases per months. A huge burden for the poorest country in the world!\xe2\x80\xa6 https://t.co/9Cd2a5DbqV'",1,None,11,67
2017-09-07 14:24:12,b'RT @cyrus_de_vyrus: It will be soo painful to use condom your entire sexual life and die of malaria..',562,None,25,123
2017-09-07 14:22:28,"b""i already see what kind of day this is.. i've had a patient with mono and a patient with malaria... i'm ready to quit""",0,None,2140,856
2017-09-07 14:21:14,b'\xf0\x9f\x98\x82\xf0\x9f\x98\x82\xf0\x9f\x98\x82 oh you forget say I get malaria https://t.co/kSZvlPihmD',0,None,928,826
2017-09-07 14:19:20,b'RT @NOAAClimate: Malaria risk zones are climbing mountains. New research from @climatesociety. https://t.co/KpVOSR2RAW https://t.co/lE1m2Hs\xe2\x80\xa6',33,None,168,195
2017-09-07 14:18:51,b'South Africa: Malaria season update! https://t.co/C4KYvECHYQ #malaria #travel #SouthAfrica',0,malaria,7282,3120
2017-09-07 14:18:50,b'RT @switchtohealth: 5 Ayurvedic Remedies for Malaria that Will Help You Recover Quickly https://t.co/x8Tyn1NLN4',6,None,12,47
2017-09-07 14:18:34,b'Anyika Onuora: From malaria to Olympic medallist in 10 months https://t.co/5asrVaKtv2 https://t.co/92KG5mI8mh',0,None,368,4368
2017-09-07 14:18:10,b'Anyika Onuora: From malaria to Olympic medallist in 10 months https://t.co/9dG1DOIBgP',0,None,638,11
2017-09-07 14:17:58,b'RT @MalariaAtlas: Fine scale mapping of #malaria using routine health facility data in urban Tanzania identifies hotspots.@KitutuJR https:/\xe2\x80\xa6',10,malaria,81,166
2017-09-07 14:17:51,b'Ankyrin-1 Gene Exhibits Allelic Heterogeneity in Conferring Protection Against\xc2\xa0Malaria https://t.co/H6lyUAJAjG',0,None,1175,942
2017-09-07 14:17:26,b'Italy opens manslaughter inquiry after four-year-old dies from malaria (via @thejournal_ie) https://t.co/TFmRykco2r',0,None,555,1130
2017-09-07 14:17:24,b'RT @DrMairoMandara: Study examines beliefs stopping pregnant women fm taking anti-#malaria precautions @world_midwives @RollBackMalaria htt\xe2\x80\xa6',1,malaria,160,520
2017-09-07 14:15:17,b'RT @cyrus_de_vyrus: It will be soo painful to use condom your entire sexual life and die of malaria..',562,None,20265,2767
2017-09-07 14:15:15,b'RT @cyrus_de_vyrus: It will be soo painful to use condom your entire sexual life and die of malaria..',562,None,1876,1232
2017-09-07 14:14:54,b'@Melodia_ng best soap so far for malaria',0,None,100,278
2017-09-07 14:14:39,"b'@RoyalHatred One recorded Malaria death in Italy in the past week in Italy, probably because of that.'",0,None,2163,716
2017-09-07 14:14:23,b'Anyika Onuora: From malaria to Olympic medallist in 10 months https://t.co/uuxCzkB8yP https://t.co/2FZfxiP6rj',0,None,100789,98795
2017-09-07 14:13:49,b'RT @LINK_LSHTM: Nigeria malaria timeline is taking shape - starts in 1889 up to present day with 96 major events @nmcpnigeria : https://t.c\xe2\x80\xa6',3,None,352,158
2017-09-07 14:12:40,b'RT @HealthKPGovt: Today Dengue Larvicidal spray activity done by malaria #HealthKP staff at old water pond kot najibullah Haripur https://t\xe2\x80\xa6',2,HealthKP,790,1903
2017-09-07 14:12:17,b'Italy opens manslaughter inquiry after four-year-old dies from malaria (via @thejournal_ie) https://t.co/ZMRjVsKrYm',0,None,180,106
2017-09-07 14:11:30,b'RT @cyrus_de_vyrus: It will be soo painful to use condom your entire sexual life and die of malaria..',562,None,1341,939
2017-09-07 14:10:31,b'RT @switchtohealth: 5 Ayurvedic Remedies for Malaria that Will Help You Recover Quickly https://t.co/x8Tyn1NLN4',6,None,32,198
2017-09-07 14:09:52,"b'Trento, September 6 - The parasite that gave fatal malaria to a 4-year-old girl who died in\xe2\x80\xa6 https://t.co/av4IaLqmyD @UnitedNewsofUSA'",0,None,769,353
2017-09-07 14:09:20,"b""@ticocarr @BitchWithA_W Didn't say that. I merely note #RachelCarson and EPA knew what they were doing; never was a\xe2\x80\xa6 https://t.co/g1ZaeRaXfB""",0,RachelCarson,4825,5298
2017-09-07 14:08:53,b'Saying that black people bring malaria. This fucking country is awful',0,None,302,440
2017-09-07 14:08:21,b'RT @pepnaija: Amazing!\n\nScientists in South Africa Discover a Compound That Could End Malaria: https://t.co/NQRYIpZCNj #Malaria #MG\nBye to\xe2\x80\xa6',69,Malaria,84,1005
2017-09-07 14:08:01,b'Anyika Onuora: From malaria to Olympic medallist in 10 months https://t.co/DUNw7ZRWZ6 https://t.co/2HKMrYELF5',0,None,517,415
2017-09-07 14:07:37,b'Anyika Onuora: From malaria to Olympic medallist in 10 months https://t.co/AuqBRWvfbw https://t.co/h0QF3lpfju',0,None,11,7
2017-09-07 14:07:20,b'RT @cyrus_de_vyrus: It will be soo painful to use condom your entire sexual life and die of malaria..',562,None,872,789
2017-09-07 14:07:19,b'@ticocarr @BitchWithA_W 2/ It accurately notes many nations foolishly ended anti-#malaria campaigns for various unsound reasons.',0,malaria,4825,5298
2017-09-07 14:07:07,b'Anyika Onuora: From malaria to Olympic medallist in 10 months https://t.co/7i55FJeiod https://t.co/Z7JWq6yhmm',0,None,1301,3997
2017-09-07 14:07:06,b'RT @cyrus_de_vyrus: It will be soo painful to use condom your entire sexual life and die of malaria..',562,None,2150,1362
2017-09-07 14:06:13,b'RT switchtohealth: 5 Ayurvedic Remedies for Malaria that Will Help You Recover Quickly https://t.co/mA3e8xB6Mj',0,None,734,1235
2017-09-07 14:05:56,b'RT @cyrus_de_vyrus: It will be soo painful to use condom your entire sexual life and die of malaria..',562,None,1100,745
2017-09-07 14:05:55,"b'@ticocarr @BitchWithA_W No. It accurately notes many nations foolishly cut funding to fight #malaria, including donor nations; 1/'",0,malaria,4825,5298
2017-09-07 14:04:28,b'RT @switchtohealth: 5 Ayurvedic Remedies for Malaria that Will Help You Recover Quickly https://t.co/x8Tyn1NLN4',6,None,570,4989
2017-09-07 14:04:05,b'Malaria: Italy treating death of girl as manslaughter https://t.co/zFNLuysPSz',0,None,57,394
2017-09-07 14:03:55,b'RT @cyrus_de_vyrus: It will be soo painful to use condom your entire sexual life and die of malaria..',562,None,65,352
2017-09-07 14:03:08,b'The latest Il Network di AGIRE! https://t.co/O4zoKaXiue Thanks to coopi tdhitaly #malaria #terremoto',0,malaria,243,561
2017-09-07 14:02:52,b'Anyika Onuora: From malaria to Olympic medallist in 10 months: From losing the ability to\xe2\x80\xa6 https://t.co/AJvv5ohhh0',0,None,1692,1941
2017-09-07 14:02:34,b'RT @cyrus_de_vyrus: It will be soo painful to use condom your entire sexual life and die of malaria..',562,None,188,179
2017-09-07 14:02:17,b'RT @cyrus_de_vyrus: It will be soo painful to use condom your entire sexual life and die of malaria..',562,None,1291,1069
2017-09-07 14:02:16,b'RT switchtohealth: 5 Ayurvedic Remedies for Malaria that Will Help You Recover Quickly https://t.co/8hMfqe2cb7',0,None,349,237
2017-09-07 14:02:13,b'The WM freshies are headed back to town! Come support us as we play to help end malaria on\xe2\x80\xa6 https://t.co/ffbmhsTWi0',0,None,159,196
2017-09-07 14:02:10,b'Italy orders investigation after child dies of malaria https://t.co/3Bn4bArFl1',1,None,7786,67
2017-09-07 14:02:01,b'A #PCMalawi Volunteer shared lesson plans for a creative way to teach about #Malaria prevention #stompingoutmalaria https://t.co/dy3Pnr7Iom',0,PCMalawi,342,75
2017-09-07 14:02:01,b'RT @cyrus_de_vyrus: It will be soo painful to use condom your entire sexual life and die of malaria..',562,None,1830,3390
2017-09-07 14:01:47,b'RT @cyrus_de_vyrus: It will be soo painful to use condom your entire sexual life and die of malaria..',562,None,2020,2035
2017-09-07 14:01:46,b'RT @cyrus_de_vyrus: It will be soo painful to use condom your entire sexual life and die of malaria..',562,None,1408,756
2017-09-07 14:01:42,b'RT @cyrus_de_vyrus: It will be soo painful to use condom your entire sexual life and die of malaria..',562,None,2321,285
2017-09-07 14:01:14,"b'@carrie_j1975 @SweepTheLeg84 @EdKrassen @realDonaldTrump I know loose immigration standards have brought malaria, T\xe2\x80\xa6 https://t.co/sNNhcWS73J'",0,None,17,19
2017-09-07 14:01:06,b'RT @cyrus_de_vyrus: It will be soo painful to use condom your entire sexual life and die of malaria..',562,None,5548,5294
2017-09-07 14:00:58,b'Findings from an assessment of the progress of #malaria interventions and outcomes in Nigeria\xe2\x80\xa6 https://t.co/PpOygYooNG',1,malaria,4990,278
2017-09-07 14:00:55,b'RT @cyrus_de_vyrus: It will be soo painful to use condom your entire sexual life and die of malaria..',562,None,544,396
2017-09-07 14:00:55,b'RT @cyrus_de_vyrus: It will be soo painful to use condom your entire sexual life and die of malaria..',562,None,388,1101
2017-09-07 14:00:55,b'Anyika Onuora: From malaria to Olympic medallist in 10 months https://t.co/OCV2KUZ9Uj',0,None,936,1335
2017-09-07 14:00:48,b'RT @cyrus_de_vyrus: It will be soo painful to use condom your entire sexual life and die of malaria..',562,None,1451,565
2017-09-07 14:00:37,b'Who will address crime committed to Nigerian children?  Malaria kills 3000 children daily',0,None,72,96
2017-09-07 14:00:30,b'RT switchtohealth: 5 Ayurvedic Remedies for Malaria that Will Help You Recover Quickly https://t.co/abqpLttOEh',0,None,534,2431
2017-09-07 13:59:58,"b'RT @iwacuinfo: #Burundi \xe2\x80\x9cSince the ministry declared malaria as an epidemic, more than 252,000 cases detected per week"",T.Ndikumana https:/\xe2\x80\xa6'",4,Burundi,10,145
2017-09-07 13:59:39,b'RT @switchtohealth: 5 Ayurvedic Remedies for Malaria that Will Help You Recover Quickly https://t.co/x8Tyn1NLN4',6,None,10070821,20
2017-09-07 13:59:34,b'RT @cyrus_de_vyrus: It will be soo painful to use condom your entire sexual life and die of malaria..',562,None,1971,1506
2017-09-07 13:59:34,b'RT @cyrus_de_vyrus: It will be soo painful to use condom your entire sexual life and die of malaria..',562,None,1342,1638
2017-09-07 13:59:34,b'RT @cyrus_de_vyrus: It will be soo painful to use condom your entire sexual life and die of malaria..',562,None,1714,897
2017-09-07 13:59:34,b'RT @cyrus_de_vyrus: It will be soo painful to use condom your entire sexual life and die of malaria..',562,None,1707,2881
2017-09-07 13:59:34,b'RT @cyrus_de_vyrus: It will be soo painful to use condom your entire sexual life and die of malaria..',562,None,185,176
2017-09-07 13:59:34,b'RT @cyrus_de_vyrus: It will be soo painful to use condom your entire sexual life and die of malaria..',562,None,918,883
2017-09-07 13:59:34,b'RT @cyrus_de_vyrus: It will be soo painful to use condom your entire sexual life and die of malaria..',562,None,345,189
2017-09-07 13:59:34,b'RT @cyrus_de_vyrus: It will be soo painful to use condom your entire sexual life and die of malaria..',562,None,1153,1091
2017-09-07 13:59:34,b'RT @cyrus_de_vyrus: It will be soo painful to use condom your entire sexual life and die of malaria..',562,None,8537,6038
2017-09-07 13:59:34,b'RT @cyrus_de_vyrus: It will be soo painful to use condom your entire sexual life and die of malaria..',562,None,4487,4961
2017-09-07 13:59:34,b'RT @cyrus_de_vyrus: It will be soo painful to use condom your entire sexual life and die of malaria..',562,None,2361,1904
2017-09-07 13:59:34,b'RT @cyrus_de_vyrus: It will be soo painful to use condom your entire sexual life and die of malaria..',562,None,9165,7002
2017-09-07 13:59:34,b'RT @cyrus_de_vyrus: It will be soo painful to use condom your entire sexual life and die of malaria..',562,None,106,156
2017-09-07 13:59:34,b'RT @cyrus_de_vyrus: It will be soo painful to use condom your entire sexual life and die of malaria..',562,None,2178,1854
2017-09-07 13:59:34,b'RT @cyrus_de_vyrus: It will be soo painful to use condom your entire sexual life and die of malaria..',562,None,10073,9565
2017-09-07 13:59:34,b'RT @cyrus_de_vyrus: It will be soo painful to use condom your entire sexual life and die of malaria..',562,None,259,325
2017-09-07 13:59:34,b'RT @cyrus_de_vyrus: It will be soo painful to use condom your entire sexual life and die of malaria..',562,None,7147,7166
2017-09-07 13:59:34,b'RT @cyrus_de_vyrus: It will be soo painful to use condom your entire sexual life and die of malaria..',562,None,420,744
2017-09-07 13:59:34,b'RT @cyrus_de_vyrus: It will be soo painful to use condom your entire sexual life and die of malaria..',562,None,581,524
2017-09-07 13:59:34,b'RT @cyrus_de_vyrus: It will be soo painful to use condom your entire sexual life and die of malaria..',562,None,2742,5002
2017-09-07 13:59:34,b'RT @cyrus_de_vyrus: It will be soo painful to use condom your entire sexual life and die of malaria..',562,None,75,17
2017-09-07 13:59:34,b'RT @cyrus_de_vyrus: It will be soo painful to use condom your entire sexual life and die of malaria..',562,None,182,360
2017-09-07 13:59:34,b'RT @cyrus_de_vyrus: It will be soo painful to use condom your entire sexual life and die of malaria..',562,None,5816,3446
2017-09-07 13:59:34,b'RT @cyrus_de_vyrus: It will be soo painful to use condom your entire sexual life and die of malaria..',562,None,4677,1782
2017-09-07 13:59:34,b'RT @cyrus_de_vyrus: It will be soo painful to use condom your entire sexual life and die of malaria..',562,None,1177,3560
2017-09-07 13:59:34,b'RT @cyrus_de_vyrus: It will be soo painful to use condom your entire sexual life and die of malaria..',562,None,812,1626
2017-09-07 13:59:34,b'RT @cyrus_de_vyrus: It will be soo painful to use condom your entire sexual life and die of malaria..',562,None,1121,329
2017-09-07 13:58:55,b'RT @HazardChaos: Didier Drogba once stopped a civil war in his country. He also recovered from Malaria in 26 minutes. The man is a living l\xe2\x80\xa6',10,None,54,179
2017-09-07 13:58:36,b'New post: 5 Ayurvedic Cures for Malaria that Will Assist You Get better Shortly - https://t.co/H2qAEUFNcu https://t.co/cHxa22irM6',0,None,124,71
2017-09-07 13:58:24,b'Who  will address crime committed against  children by adults?  Malaria killing 3000 children daily in Nigeria',0,None,72,96
2017-09-07 13:57:59,b'RT @CapricornFMNews: Limpopo #Health MEC Phophi Ramathuba says if they work together they can put to an end the spread of Malaria by fumiga\xe2\x80\xa6',1,Health,2271,1938
2017-09-07 13:57:40,b'5 Ayurvedic Remedies for Malaria that Will Help You Recover Quickly https://t.co/8JUlx5tifP',0,None,4387,28
2017-09-07 13:57:31,"b'In 2008, Edosio Oghale was gripped alongside feverishness. At the infirmary, medic diagnosed her with malaria and pronto situated her on...'",0,None,54,68
2017-09-07 13:56:37,b'RT @potentash: @scheafferoo So they tested me for malaria and typhoid and it was typhoid. I was in hosi for 3 days and I could barely eat c\xe2\x80\xa6',1,None,727,952
2017-09-07 13:56:16,b'RT @protistologists: Protecting penguins from avian #malaria. https://t.co/hMx8IJnypW  #protists https://t.co/ozc4GQsp57',1,malaria,460,610
2017-09-07 13:56:02,b'Limpopo #Health MEC Phophi Ramathuba says if they work together they can put to an end the spread of Malaria by fum\xe2\x80\xa6 https://t.co/293mlJeE1t',1,Health,14194,266
2017-09-07 13:55:50,"b'@EdDarrell @BitchWithA_W Ed, so you would say this page is incorrect?\n\nhttps://t.co/UHeAjlZLrk'",0,None,29,244
2017-09-07 13:54:57,b'Anyika Onuora: From malaria to Olympic medallist in 10 months | has been published on anthia culture magazine - https://t.co/5xiyhQWUxu',0,None,1348,72
2017-09-07 13:53:51,b'RT @AMike4761: Malaria Death of Four-Year-Old Girl in Italy Reignites Immigration Debate as Syrian Refugees bring disease- #fo2eu  https://\xe2\x80\xa6',189,fo2eu,108,51
2017-09-07 13:53:28,b'@scheafferoo So they tested me for malaria and typhoid and it was typhoid. I was in hosi for 3 days and I could bar\xe2\x80\xa6 https://t.co/e6RPYrvkWa',1,None,7468,1672
2017-09-07 13:53:19,"b'RT @iwacuinfo: #Burundi \xe2\x80\x9cSince the ministry declared malaria as an epidemic, more than 252,000 cases detected per week"",T.Ndikumana https:/\xe2\x80\xa6'",4,Burundi,191,265
2017-09-07 13:53:16,b'Anyika Onuora: From malaria to Olympic medallist in 10 months https://t.co/MVrugS9EdE',0,None,107,16
2017-09-07 13:53:16,b'Anyika Onuora: From malaria to Olympic medallist in 10 months https://t.co/xvj5j66Yqk',0,None,85,15
2017-09-07 13:53:04,b'Anyika Onuora: From malaria to Olympic medallist in 10 months https://t.co/HHPiRPqPt6',0,None,116,1
2017-09-07 13:52:33,b'RT @HazardEdition: Drogba: \n- A role model for many players \n- Recovered from malaria in 26 minutes\n- Stopped a civil war from happening in\xe2\x80\xa6',255,None,122,271
2017-09-07 13:52:27,"b""Thousands hit by malaria, dengue as South Asia's worst floods in a decade recede https://t.co/5ifT2O2jwv""",0,None,1943,1438
2017-09-07 13:52:23,b'@JohdaPrecious Hi pls follow and share @cleannigeriaup for a campaign to rid our streets of dirt and diseases like #malaria #hepatitis. Thks',0,malaria,1724,4998
2017-09-07 13:52:13,b'Italy opens manslaughter inquiry after four-year-old dies from malaria - https://t.co/WANSD39vQ0',0,None,1039,23
2017-09-07 13:51:53,b'@EdDarrell @BitchWithA_W So your take is that malaria-related DDT usage never fell due to sentiment in any shape or\xe2\x80\xa6 https://t.co/WnAdEMkOvo',0,None,29,244
2017-09-07 13:51:42,b'Devil  is the chairman of mind games. Ordinary malaria and cough he had me thinking of cancer and every vile disease smh',0,None,5194,1526
2017-09-07 13:51:36,"b'Fight against malaria requires innovators, not just cost-cutters \xe2\x80\x93 AEI \xe2\x80\x93 American Enterprise Institute: Freedom, O\xe2\x80\xa6 https://t.co/PizMOVQbIA'",0,None,3143,3729
2017-09-07 13:51:31,b'@scheafferoo In those days anything with those symptoms was automatically malaria.But a guy who had been misdiagnos\xe2\x80\xa6 https://t.co/voQU2WuAZ1',0,None,7468,1672
2017-09-07 13:50:06,"b'Countries w/ greatest progress against malaria have integrated community health platforms: i.e. Senegal, Kenya @rreithinger #IntegrateHealth'",0,IntegrateHealth,3961,1100
2017-09-07 13:50:03,"b'Malaria Transmission From Monkeys to Humans, Study Finds\n\nhttps://t.co/PiOnMeNKmC'",0,None,72,274
2017-09-07 13:49:43,"b""A four-year-old who hadn't left the country has died from malaria in Italy https://t.co/kjE6OX4okb""",0,None,534835,724
2017-09-07 13:49:02,b'Malaria: Italy treating death of girl as manslaughter https://t.co/djuAANTeQl',0,None,3192,779
2017-09-07 13:49:00,"b""@ticocarr @BitchWithA_W No, WHO's policies &amp; practices did not change due to US ban. US policy was to export all\xe2\x80\xa6 https://t.co/yRoVpZAkrz""",0,None,4825,5298
2017-09-07 13:47:49,"b'RT @WHOMaldives: ""Maldives has eliminated Malaria, Lymphatic Filariasis, Polio and now Measles, remarkable achievements."" - Dr Poonam Khetr\xe2\x80\xa6'",64,None,125,420
2017-09-07 13:47:13,b'RT @pamcafrica: Study show rapid diagnostic test helps distinguish between severe and uncomplicated malaria in Africa @cmmbogo  https://t.c\xe2\x80\xa6',1,None,121,416
2017-09-07 13:46:58,b'Italy orders investigation after rare child death from malaria https://t.co/2T8LrHIhRY',0,None,390,1265
2017-09-07 13:46:29,b'Climate Change- The Effects of Climate Change on the Avian Malaria  and Hawaiian Forest\xc2\xa0Birds https://t.co/KE0gmVCGhu',0,None,1173,1146
2017-09-07 13:46:28,b'Climate Change- The Effects of Climate Change on the Avian Malaria  and Hawaiian Forest\xc2\xa0Birds https://t.co/Zpyd4VJmMt',0,None,3826,4207
2017-09-07 13:46:27,b'Climate Change- The Effects of Climate Change on the Avian Malaria  and Hawaiian Forest\xc2\xa0Birds https://t.co/87bDN66SCF',0,None,2415,2450
2017-09-07 13:46:25,b'Climate Change- The Effects of Climate Change on the Avian Malaria  and Hawaiian Forest\xc2\xa0Birds https://t.co/FMFmZKyUfG',0,None,3158,3057
2017-09-07 13:46:19,b'Climate Change- The Effects of Climate Change on the Avian Malaria  and Hawaiian Forest\xc2\xa0Birds https://t.co/LgaG7VSGb6',0,None,4066,3931
2017-09-07 13:46:18,b'Climate Change- The Effects of Climate Change on the Avian Malaria  and Hawaiian Forest\xc2\xa0Birds https://t.co/pKkvhEswQT',0,None,7098,4330
2017-09-07 13:45:32,"b""RT @RTI_INTL_DEV: RTI's #malaria expert @rreithinger gives overview of scale up of malaria interventions around the world #IntegrateHealth\xe2\x80\xa6""",1,malaria,1541,3
2017-09-07 13:45:01,b'Govt to distribute 28mln free insecticide-treated nets in malaria \n\nREAD: https://t.co/7L8m77vx8c https://t.co/K9AAMlVTsC',0,None,2036,8
2017-09-07 13:44:37,b'RT @pepnaija: Amazing!\n\nScientists in South Africa Discover a Compound That Could End Malaria: https://t.co/NQRYIpZCNj #Malaria #MG\nBye to\xe2\x80\xa6',69,Malaria,280,501
2017-09-07 13:44:32,b'From malaria to Olympic medallist in 10 months. Amazing Anyika!   https://t.co/dQrOzuNQRr https://t.co/jHgUSWEQed',0,None,195,857
2017-09-07 13:44:31,b'5 Ayurvedic Remedies for Malaria that Will Help You Recover Quickly https://t.co/x8Tyn1NLN4',6,None,582464,373
2017-09-07 13:44:28,b'RT @pepnaija: Amazing!\n\nScientists in South Africa Discover a Compound That Could End Malaria: https://t.co/NQRYIpZCNj #Malaria #MG\nBye to\xe2\x80\xa6',69,Malaria,2954,2595
2017-09-07 13:44:22,"b'MALARIA: The avoidable pregnant women, unborn babies\xe2\x80\x99 deaths, by\xc2\xa0experts https://t.co/TLgWOaCR0I https://t.co/9dKFRmoVC3'",0,None,513,2978
2017-09-07 13:44:11,"b'Malaria Transmission From Monkeys to Humans, Study Finds https://t.co/Qle5JgRDH0'",0,None,24806,26667
2017-09-07 13:43:55,"b'RT @HeenaWaleed: ""Maldives has eliminated Malaria, Lymphatic Filariasis, Polio and now Measles, remarkable achievements."" - Dr Poonam Khetr\xe2\x80\xa6'",36,None,280,815
2017-09-07 13:43:31,b'BBC News - Rare malaria death of girl in northern Italy puzzles doctors https://t.co/pxnTVIzR6a',0,None,390,1265
2017-09-07 13:43:21,b'RT @pepnaija: Amazing!\n\nScientists in South Africa Discover a Compound That Could End Malaria: https://t.co/NQRYIpZCNj #Malaria #MG\nBye to\xe2\x80\xa6',69,Malaria,453,562
2017-09-07 13:42:58,"b""In A Case That Is 'Almost Impossible,' Girl Dies Of Malaria In Italy https://t.co/oTQLZT5Zgm""",0,None,390,1265
2017-09-07 13:42:55,b'RT @pepnaija: Amazing!\n\nScientists in South Africa Discover a Compound That Could End Malaria: https://t.co/NQRYIpZCNj #Malaria #MG\nBye to\xe2\x80\xa6',69,Malaria,236,284
2017-09-07 13:42:55,b'RT @pepnaija: Amazing!\n\nScientists in South Africa Discover a Compound That Could End Malaria: https://t.co/NQRYIpZCNj #Malaria #MG\nBye to\xe2\x80\xa6',69,Malaria,1834,4979
2017-09-07 13:42:55,b'RT @pepnaija: Amazing!\n\nScientists in South Africa Discover a Compound That Could End Malaria: https://t.co/NQRYIpZCNj #Malaria #MG\nBye to\xe2\x80\xa6',69,Malaria,286,700
2017-09-07 13:42:55,b'RT @pepnaija: Amazing!\n\nScientists in South Africa Discover a Compound That Could End Malaria: https://t.co/NQRYIpZCNj #Malaria #MG\nBye to\xe2\x80\xa6',69,Malaria,3885,2739
2017-09-07 13:42:55,b'RT @pepnaija: Amazing!\n\nScientists in South Africa Discover a Compound That Could End Malaria: https://t.co/NQRYIpZCNj #Malaria #MG\nBye to\xe2\x80\xa6',69,Malaria,822,387
2017-09-07 13:42:55,b'RT @pepnaija: Amazing!\n\nScientists in South Africa Discover a Compound That Could End Malaria: https://t.co/NQRYIpZCNj #Malaria #MG\nBye to\xe2\x80\xa6',69,Malaria,2287,2095
2017-09-07 13:42:55,b'RT @pepnaija: Amazing!\n\nScientists in South Africa Discover a Compound That Could End Malaria: https://t.co/NQRYIpZCNj #Malaria #MG\nBye to\xe2\x80\xa6',69,Malaria,242,2494
2017-09-07 13:42:55,b'RT @pepnaija: Amazing!\n\nScientists in South Africa Discover a Compound That Could End Malaria: https://t.co/NQRYIpZCNj #Malaria #MG\nBye to\xe2\x80\xa6',69,Malaria,3031,3444
2017-09-07 13:42:55,b'RT @pepnaija: Amazing!\n\nScientists in South Africa Discover a Compound That Could End Malaria: https://t.co/NQRYIpZCNj #Malaria #MG\nBye to\xe2\x80\xa6',69,Malaria,5130,5585
2017-09-07 13:42:55,b'RT @pepnaija: Amazing!\n\nScientists in South Africa Discover a Compound That Could End Malaria: https://t.co/NQRYIpZCNj #Malaria #MG\nBye to\xe2\x80\xa6',69,Malaria,1018,596
2017-09-07 13:42:55,b'RT @pepnaija: Amazing!\n\nScientists in South Africa Discover a Compound That Could End Malaria: https://t.co/NQRYIpZCNj #Malaria #MG\nBye to\xe2\x80\xa6',69,Malaria,299,272
2017-09-07 13:42:55,b'RT @pepnaija: Amazing!\n\nScientists in South Africa Discover a Compound That Could End Malaria: https://t.co/NQRYIpZCNj #Malaria #MG\nBye to\xe2\x80\xa6',69,Malaria,1264,2107
2017-09-07 13:42:55,b'RT @pepnaija: Amazing!\n\nScientists in South Africa Discover a Compound That Could End Malaria: https://t.co/NQRYIpZCNj #Malaria #MG\nBye to\xe2\x80\xa6',69,Malaria,162,268
2017-09-07 13:42:55,b'RT @pepnaija: Amazing!\n\nScientists in South Africa Discover a Compound That Could End Malaria: https://t.co/NQRYIpZCNj #Malaria #MG\nBye to\xe2\x80\xa6',69,Malaria,1358,3163
2017-09-07 13:42:55,b'RT @pepnaija: Amazing!\n\nScientists in South Africa Discover a Compound That Could End Malaria: https://t.co/NQRYIpZCNj #Malaria #MG\nBye to\xe2\x80\xa6',69,Malaria,460,580
2017-09-07 13:42:55,b'RT @pepnaija: Amazing!\n\nScientists in South Africa Discover a Compound That Could End Malaria: https://t.co/NQRYIpZCNj #Malaria #MG\nBye to\xe2\x80\xa6',69,Malaria,991,931
2017-09-07 13:42:55,b'RT @pepnaija: Amazing!\n\nScientists in South Africa Discover a Compound That Could End Malaria: https://t.co/NQRYIpZCNj #Malaria #MG\nBye to\xe2\x80\xa6',69,Malaria,2516,2336
2017-09-07 13:42:55,b'RT @pepnaija: Amazing!\n\nScientists in South Africa Discover a Compound That Could End Malaria: https://t.co/NQRYIpZCNj #Malaria #MG\nBye to\xe2\x80\xa6',69,Malaria,904,3336
2017-09-07 13:42:55,b'RT @pepnaija: Amazing!\n\nScientists in South Africa Discover a Compound That Could End Malaria: https://t.co/NQRYIpZCNj #Malaria #MG\nBye to\xe2\x80\xa6',69,Malaria,511,1073
2017-09-07 13:42:55,b'RT @pepnaija: Amazing!\n\nScientists in South Africa Discover a Compound That Could End Malaria: https://t.co/NQRYIpZCNj #Malaria #MG\nBye to\xe2\x80\xa6',69,Malaria,627,534
2017-09-07 13:42:55,b'RT @pepnaija: Amazing!\n\nScientists in South Africa Discover a Compound That Could End Malaria: https://t.co/NQRYIpZCNj #Malaria #MG\nBye to\xe2\x80\xa6',69,Malaria,2351,831
2017-09-07 13:42:55,b'RT @pepnaija: Amazing!\n\nScientists in South Africa Discover a Compound That Could End Malaria: https://t.co/NQRYIpZCNj #Malaria #MG\nBye to\xe2\x80\xa6',69,Malaria,480,937
2017-09-07 13:42:55,b'RT @pepnaija: Amazing!\n\nScientists in South Africa Discover a Compound That Could End Malaria: https://t.co/NQRYIpZCNj #Malaria #MG\nBye to\xe2\x80\xa6',69,Malaria,679,1134
2017-09-07 13:42:55,b'RT @pepnaija: Amazing!\n\nScientists in South Africa Discover a Compound That Could End Malaria: https://t.co/NQRYIpZCNj #Malaria #MG\nBye to\xe2\x80\xa6',69,Malaria,856,951
2017-09-07 13:42:55,b'RT @pepnaija: Amazing!\n\nScientists in South Africa Discover a Compound That Could End Malaria: https://t.co/NQRYIpZCNj #Malaria #MG\nBye to\xe2\x80\xa6',69,Malaria,4585,3908
2017-09-07 13:42:55,b'RT @pepnaija: Amazing!\n\nScientists in South Africa Discover a Compound That Could End Malaria: https://t.co/NQRYIpZCNj #Malaria #MG\nBye to\xe2\x80\xa6',69,Malaria,1184,2993
2017-09-07 13:42:55,b'RT @pepnaija: Amazing!\n\nScientists in South Africa Discover a Compound That Could End Malaria: https://t.co/NQRYIpZCNj #Malaria #MG\nBye to\xe2\x80\xa6',69,Malaria,3332,4156
2017-09-07 13:42:55,b'RT @pepnaija: Amazing!\n\nScientists in South Africa Discover a Compound That Could End Malaria: https://t.co/NQRYIpZCNj #Malaria #MG\nBye to\xe2\x80\xa6',69,Malaria,45587,34873
2017-09-07 13:42:55,b'RT @pepnaija: Amazing!\n\nScientists in South Africa Discover a Compound That Could End Malaria: https://t.co/NQRYIpZCNj #Malaria #MG\nBye to\xe2\x80\xa6',69,Malaria,1696,5007
2017-09-07 13:42:55,b'RT @pepnaija: Amazing!\n\nScientists in South Africa Discover a Compound That Could End Malaria: https://t.co/NQRYIpZCNj #Malaria #MG\nBye to\xe2\x80\xa6',69,Malaria,716,2480
2017-09-07 13:42:55,b'RT @pepnaija: Amazing!\n\nScientists in South Africa Discover a Compound That Could End Malaria: https://t.co/NQRYIpZCNj #Malaria #MG\nBye to\xe2\x80\xa6',69,Malaria,103,126
2017-09-07 13:42:55,b'RT @pepnaija: Amazing!\n\nScientists in South Africa Discover a Compound That Could End Malaria: https://t.co/NQRYIpZCNj #Malaria #MG\nBye to\xe2\x80\xa6',69,Malaria,377,578
2017-09-07 13:42:55,b'RT @pepnaija: Amazing!\n\nScientists in South Africa Discover a Compound That Could End Malaria: https://t.co/NQRYIpZCNj #Malaria #MG\nBye to\xe2\x80\xa6',69,Malaria,535,645
2017-09-07 13:42:55,b'RT @pepnaija: Amazing!\n\nScientists in South Africa Discover a Compound That Could End Malaria: https://t.co/NQRYIpZCNj #Malaria #MG\nBye to\xe2\x80\xa6',69,Malaria,213,616
2017-09-07 13:42:55,b'RT @pepnaija: Amazing!\n\nScientists in South Africa Discover a Compound That Could End Malaria: https://t.co/NQRYIpZCNj #Malaria #MG\nBye to\xe2\x80\xa6',69,Malaria,242,276
2017-09-07 13:42:55,b'RT @pepnaija: Amazing!\n\nScientists in South Africa Discover a Compound That Could End Malaria: https://t.co/NQRYIpZCNj #Malaria #MG\nBye to\xe2\x80\xa6',69,Malaria,3177,2914
2017-09-07 13:42:55,b'RT @pepnaija: Amazing!\n\nScientists in South Africa Discover a Compound That Could End Malaria: https://t.co/NQRYIpZCNj #Malaria #MG\nBye to\xe2\x80\xa6',69,Malaria,53,86
2017-09-07 13:42:55,b'RT @pepnaija: Amazing!\n\nScientists in South Africa Discover a Compound That Could End Malaria: https://t.co/NQRYIpZCNj #Malaria #MG\nBye to\xe2\x80\xa6',69,Malaria,11515,3947
2017-09-07 13:42:55,b'RT @pepnaija: Amazing!\n\nScientists in South Africa Discover a Compound That Could End Malaria: https://t.co/NQRYIpZCNj #Malaria #MG\nBye to\xe2\x80\xa6',69,Malaria,1666,4340
2017-09-07 13:42:55,b'RT @pepnaija: Amazing!\n\nScientists in South Africa Discover a Compound That Could End Malaria: https://t.co/NQRYIpZCNj #Malaria #MG\nBye to\xe2\x80\xa6',69,Malaria,524,843
2017-09-07 13:42:55,b'RT @pepnaija: Amazing!\n\nScientists in South Africa Discover a Compound That Could End Malaria: https://t.co/NQRYIpZCNj #Malaria #MG\nBye to\xe2\x80\xa6',69,Malaria,6440,6303
2017-09-07 13:42:55,b'RT @pepnaija: Amazing!\n\nScientists in South Africa Discover a Compound That Could End Malaria: https://t.co/NQRYIpZCNj #Malaria #MG\nBye to\xe2\x80\xa6',69,Malaria,519,1512
2017-09-07 13:42:55,b'RT @pepnaija: Amazing!\n\nScientists in South Africa Discover a Compound That Could End Malaria: https://t.co/NQRYIpZCNj #Malaria #MG\nBye to\xe2\x80\xa6',69,Malaria,535,891
2017-09-07 13:42:54,b'RT @pepnaija: Amazing!\n\nScientists in South Africa Discover a Compound That Could End Malaria: https://t.co/NQRYIpZCNj #Malaria #MG\nBye to\xe2\x80\xa6',69,Malaria,1993,2338
2017-09-07 13:42:54,b'RT @pepnaija: Amazing!\n\nScientists in South Africa Discover a Compound That Could End Malaria: https://t.co/NQRYIpZCNj #Malaria #MG\nBye to\xe2\x80\xa6',69,Malaria,1880,4980
2017-09-07 13:42:54,b'RT @pepnaija: Amazing!\n\nScientists in South Africa Discover a Compound That Could End Malaria: https://t.co/NQRYIpZCNj #Malaria #MG\nBye to\xe2\x80\xa6',69,Malaria,1651,1323
2017-09-07 13:42:54,b'RT @pepnaija: Amazing!\n\nScientists in South Africa Discover a Compound That Could End Malaria: https://t.co/NQRYIpZCNj #Malaria #MG\nBye to\xe2\x80\xa6',69,Malaria,1225,1203
2017-09-07 13:42:54,b'RT @pepnaija: Amazing!\n\nScientists in South Africa Discover a Compound That Could End Malaria: https://t.co/NQRYIpZCNj #Malaria #MG\nBye to\xe2\x80\xa6',69,Malaria,912,2182
2017-09-07 13:42:54,b'RT @pepnaija: Amazing!\n\nScientists in South Africa Discover a Compound That Could End Malaria: https://t.co/NQRYIpZCNj #Malaria #MG\nBye to\xe2\x80\xa6',69,Malaria,481,228
2017-09-07 13:42:54,b'RT @pepnaija: Amazing!\n\nScientists in South Africa Discover a Compound That Could End Malaria: https://t.co/NQRYIpZCNj #Malaria #MG\nBye to\xe2\x80\xa6',69,Malaria,879,4194
2017-09-07 13:42:54,b'RT @pepnaija: Amazing!\n\nScientists in South Africa Discover a Compound That Could End Malaria: https://t.co/NQRYIpZCNj #Malaria #MG\nBye to\xe2\x80\xa6',69,Malaria,3374,3079
2017-09-07 13:42:54,b'RT @pepnaija: Amazing!\n\nScientists in South Africa Discover a Compound That Could End Malaria: https://t.co/NQRYIpZCNj #Malaria #MG\nBye to\xe2\x80\xa6',69,Malaria,739,458
2017-09-07 13:42:54,b'RT @pepnaija: Amazing!\n\nScientists in South Africa Discover a Compound That Could End Malaria: https://t.co/NQRYIpZCNj #Malaria #MG\nBye to\xe2\x80\xa6',69,Malaria,666,1215
2017-09-07 13:42:54,b'RT @pepnaija: Amazing!\n\nScientists in South Africa Discover a Compound That Could End Malaria: https://t.co/NQRYIpZCNj #Malaria #MG\nBye to\xe2\x80\xa6',69,Malaria,210,172
2017-09-07 13:42:48,"b""RTI's #malaria expert @rreithinger gives overview of scale up of malaria interventions around the world\xe2\x80\xa6 https://t.co/oUbhqNXmYY""",1,malaria,3961,1100
2017-09-07 13:42:16,b'RT @MalariaAtlas: Fine scale mapping of #malaria using routine health facility data in urban Tanzania identifies hotspots.@KitutuJR https:/\xe2\x80\xa6',10,malaria,581,604
2017-09-07 13:40:45,b'RT @mbrukia: Malaria prevalence continues to reduce in Uganda: Revealed at Malaria review meeting @opigojimmy @MinofHealthUG @ntvuganda @At\xe2\x80\xa6',4,None,71,100
2017-09-07 13:40:09,b'RT @V_of_Europe: Malaria Death of Four-Year-Old Girl in Italy Reignites Immigration Debate https://t.co/AjTdZfsf8Z',191,None,72,215
2017-09-07 13:40:05,"b'Malaria Transmission From Monkeys to Humans, Study Finds \xe2\x80\x93\xc2\xa0Medscape https://t.co/Y3hCy2ducV https://t.co/HbPq2ewMPb'",0,None,159,59
2017-09-07 13:39:29,b'RT @pepnaija: Amazing!\n\nScientists in South Africa Discover a Compound That Could End Malaria: https://t.co/NQRYIpZCNj #Malaria #MG\nBye to\xe2\x80\xa6',69,Malaria,79,9
2017-09-07 13:38:45,b'Caden the Weird died from malaria in 1278.',0,None,17,0
2017-09-07 13:38:12,b'Amazing!\n\nScientists in South Africa Discover a Compound That Could End Malaria: https://t.co/NQRYIpZCNj #Malaria\xe2\x80\xa6 https://t.co/GccM3lBNgd',69,Malaria,1933,1980
2017-09-07 13:37:33,"b""@Faisal_Ungolyn Lol... Doctor told her its malaria dai, as if I'll follow her to the Dr's, dan renin wayo kawai""",0,None,277,180
2017-09-07 13:37:03,"b""RT @Reuters_Health: Thousands hit by malaria, dengue as South Asia's worst floods in a decade recede https://t.co/vxkE8NpJBz""",26,None,1453,1655
2017-09-07 13:36:29,"b'Surgery-treatable conditions kill more people than TB, Malaria and AIDS combined. We must do more. https://t.co/rAd07ugbeM'",0,None,22353,2490
2017-09-07 13:35:37,b'RT @jamujeng: Presentation on malaria control by Dr saidu..#jamuje #JaMujeRoundTable https://t.co/5cFwDWQind',2,jamuje,461,663
2017-09-07 13:35:36,"b""@_ajay_69 Nasan baka wasa ay...\nDoctor told you it's malaria or you just assumed because you're not ready for the morning sickness thingy??""",0,None,2045,1005
2017-09-07 13:34:40,"b'@Faisal_Ungolyn Lmao... Fuck off, normal malaria dai'",0,None,277,180
2017-09-07 13:34:17,"b""Mal'aria https://t.co/sFxPLEiyKI via @giusepperavera""",0,None,64,26
2017-09-07 13:33:46,b'Malaria: Italy treating death of girl as manslaughter (Punch) https://t.co/QoMlfY8boD https://t.co/dXydtYl9uv',0,None,12248,1088
2017-09-07 13:32:52,"b'#Burundi \xe2\x80\x9cSince the ministry declared malaria as an epidemic, more than 252,000 cases detected per week"",T.Ndikumana https://t.co/3jjfLqGdSC'",4,Burundi,27372,200
2017-09-07 13:32:09,"b'https://t.co/p1B55OhCHT: How do we tell when a fever is not malaria? -  In countries where malaria is prevalent, acute fever...'",0,None,515,196
2017-09-07 13:32:03,"b'Abstract\nIn Italy at the end of 19th Century, malaria cases amounted to 2 million with 15,000\xe2\x80\x9320,000 deaths per yea\xe2\x80\xa6 https://t.co/61ia4cdQRh'",0,None,215,290
2017-09-07 13:31:03,b'The latest The Alessia Fedele Daily! https://t.co/CPAFXuCRED #malaria',0,malaria,1340,1256
2017-09-07 13:31:02,"b'RT @WHOMaldives: ""Maldives has eliminated Malaria, Lymphatic Filariasis, Polio and now Measles, remarkable achievements."" - Dr Poonam Khetr\xe2\x80\xa6'",64,None,383,813
2017-09-07 13:30:53,"b'Malaria Cases Significantly Decreased, #Africa #EastAfrica #Business #News https://t.co/Q6CoamC35w #Tanzania #Kenya #Uganda #Rwanda #Burundi'",0,Africa,1040,6
2017-09-07 13:30:40,"b'Fight against malaria requires innovators, not just cost-cutters - American Enterprise Institute https://t.co/2rnorsKWFw #msf'",0,msf,161,258
2017-09-07 13:30:18,"b""AA always has Malaria.\nBut guess who hasn't fallen sick in yeeeeeeeaaaaaars.\n\nThank God!""",0,None,1735,1223
2017-09-07 13:28:54,"b""Italy Opens Manslaughter Probe Over Child's Malaria Death - CHANNELS TELEVISION https://t.co/JEHA7ofAK3""",0,None,3038,3554
2017-09-07 13:28:10,b'RT @ViaGlobalHealth: Excited to partner with another @500Startups co @FyodorBiotech to scale the urine #malaria test globally! #500strong h\xe2\x80\xa6',4,malaria,36,270
2017-09-07 13:28:03,b'Great use of AI: Engineering the End of Malaria https://t.co/ALuXuX8ZM1 via @pacificstand #AI #Africa #Malaria https://t.co/syAdSWn4Yd',0,AI,1242,2214
2017-09-07 13:27:58,b'RT @mbrukia: Malaria prevalence continues to reduce in Uganda: Revealed at Malaria review meeting @opigojimmy @MinofHealthUG @ntvuganda @At\xe2\x80\xa6',4,None,673,1203
2017-09-07 13:27:04,b'Population Pharmacokinetics of Pyronaridine in Pediatric Malaria Patients. https://t.co/4meY9G3yYi',0,None,777,0
2017-09-07 13:25:54,b'I detest malaria drugs https://t.co/m1jSmBqfZv',0,None,1253,510
2017-09-07 13:25:13,b'#HealthNewsFlash: #Malaria:- Italy treating death of girl as manslaughter.... #STAYWELLWORLD',1,HealthNewsFlash,1720,2530
2017-09-07 13:25:04,"b'RT @ISGLOBALorg: Outbreak of #diarrhoea, #malaria and #dengue in Bangladesh and Nepal https://t.co/5bT2aNHlJI'",6,diarrhoea,6723,1675
2017-09-07 13:24:59,"b'Burundi: Malaria Cases Significantly Decreased, Health Ministry\xc2\xa0Says https://t.co/DLR26mnJUO'",0,None,682,275
2017-09-07 13:24:22,"b""RT @HarvardMalaria: Scientists found boosting mothers' malaria immune response, as via vaccination, results in better infant protection htt\xe2\x80\xa6""",6,None,170,419
2017-09-07 13:23:43,"b""RT @GlobalBioD: In A Case That Is 'Almost Impossible,' Girl Dies Of Malaria In Italy https://t.co/wO2tqaj1Hf https://t.co/YTPGfnwD03""",1,None,539,1040
2017-09-07 13:23:14,b'New strategy for vaccinating pregnant mothers against malaria holds promise for protecting infants https://t.co/Vz1MkaCS20',0,None,4090,3958
2017-09-07 13:23:05,b'#NaturalRemedy 5 Ayurvedic Remedies for Malaria that Will Help You Recover Quickly\xe2\x80\xa6 https://t.co/hZgXXpSQgp via #hng #Natural #remedy #news',0,NaturalRemedy,4450,3237
2017-09-07 13:22:45,"b'#Burundi Malaria cases significantly decreased, Health Ministry says https://t.co/3jjfLqoCu2'",0,Burundi,27372,200
2017-09-07 13:21:40,"b'RT @WHOMaldives: ""Maldives has eliminated Malaria, Lymphatic Filariasis, Polio and now Measles, remarkable achievements."" - Dr Poonam Khetr\xe2\x80\xa6'",64,None,452,90
2017-09-07 13:21:15,b'Malaria death considered for manslaughter\nhttps://t.co/Ryb83TLs5x\n#trento #malaria #manslaughter #italianinsider https://t.co/aEN5yO3VKW',0,trento,7747,1305
2017-09-07 13:21:04,b'5 Ayurvedic Remedies for Malaria that Will Help You Recover Quickly - NDTV https://t.co/ZikdoDNUlK https://t.co/qEL14fZ2Gx',0,None,74,7
2017-09-07 13:20:29,"b'RT @RTI_INTL_DEV: Don\xe2\x80\x99t miss RTI\xe2\x80\x99s #IntegrateHealth panel on what integrated health systems mean for #MNCH, #ECD, &amp; #malaria https://t.co/G\xe2\x80\xa6'",1,IntegrateHealth,24,176
2017-09-07 13:19:34,"b'RT @WHOMaldives: ""Maldives has eliminated Malaria, Lymphatic Filariasis, Polio and now Measles, remarkable achievements."" - Dr Poonam Khetr\xe2\x80\xa6'",64,None,583,468
2017-09-07 13:19:32,b'New strategy for vaccinating pregnant mothers against malaria holds promise for protecting infants https://t.co/dTHYTcfRca',0,None,7667,980
2017-09-07 13:18:45,b'Staring at my lunch and I dont have the slightest urge to eat. Jollof rice too! \xf0\x9f\x99\x81#Malaria',0,Malaria,1190,805
2017-09-07 13:18:17,"b'#Malaria in war-torn #SS rising, 1.3 million people infected in 2017 \xe2\x80\x94 1000s of others sick with #Measles, #Cholera https://t.co/BKwNxQzwD8'",0,Malaria,316,10
2017-09-07 13:18:10,"b""These little black &amp; white mosquitos are a menace! They're active all day and their bites are so itchy! They suppos\xe2\x80\xa6 https://t.co/t8pxUwVKQS""",0,None,542,973
2017-09-07 13:17:59,b'Does it cure malaria ? https://t.co/udnWtsRXqW',0,None,441,518
2017-09-07 13:17:49,b'RT @MalariaAtlas: Fine scale mapping of #malaria using routine health facility data in urban Tanzania identifies hotspots.@KitutuJR https:/\xe2\x80\xa6',10,malaria,241,366
2017-09-07 13:16:49,"b'RT @Condor_Law: #Italy welcomes ""cultural enrichment"" - malaria, HPV, cholera, typhus.. &amp;more! Doctors ""puzzled"" over sources! \xf0\x9f\xa4\x94https://t.c\xe2\x80\xa6'",6,Italy,420,317
2017-09-07 13:15:57,"b""RT @IFRCAsiaPacific: Thousands hit by malaria, dengue as South Asia's worst #floods in a decade recede. https://t.co/2RGRp273vj @Reuters""",24,floods,50,194
2017-09-07 13:15:50,b'RT @carepayKE: 10 Facts about Malaria https://t.co/xLRJxwjZ8X',1,None,2151,1630
2017-09-07 13:14:53,b'RT @theAshLeon: \xe2\x80\x9cafrican queen\xe2\x80\x9d tee from https://t.co/NrR4KheVFi\xf0\x9f\x91\xb8\xf0\x9f\x8f\xbd\n\nevery purchase funds a bed net to someone susceptible of getting malari\xe2\x80\xa6',269,None,788,1560
2017-09-07 13:13:29,b'RT @NOAAClimate: Malaria risk zones are climbing mountains. New research from @climatesociety. https://t.co/KpVOSR2RAW https://t.co/lE1m2Hs\xe2\x80\xa6',33,None,2184,205
2017-09-07 13:13:02,b'South Sudan\xe2\x80\x99s malaria toll highlights disease burden in war-torn nation https://t.co/4spWyz49WR',0,None,17195,31
2017-09-07 13:12:43,"b'RT @BillGates: From 2007 to 2015, the U.S. government invested $14 billion in global health R&amp;D. The returns were tremendous... https://t.c\xe2\x80\xa6'",2017,None,3097,2100
2017-09-07 13:12:05,b'5 Ayurvedic Remedies for Malaria that Will Help You Recover Quickly - NDTV https://t.co/7fmIrPEMp1',0,None,2288,1872
2017-09-07 13:12:02,"b""In A Case That Is 'Almost Impossible,' Girl Dies Of Malaria In Italy https://t.co/wO2tqaj1Hf https://t.co/YTPGfnwD03""",1,None,4213,1452
2017-09-07 13:11:52,b'RT @UNITAID: Seeking experts to join our Proposal Review Committee for Jan 2018\xe2\x80\x93Dec 2020. Deadline Mon 11 Sep! https://t.co/iXyydnQwBn #HIV\xe2\x80\xa6',3,HIV,3227,2696
2017-09-07 13:11:47,b'@SilverVVulpes @leftoutside @portraitinflesh @s8mb by yr logic a genocide that kills a milliion is of no consequenc\xe2\x80\xa6 https://t.co/pcV0dSauf4',0,None,2296,992
2017-09-07 13:11:31,"b'Malaria Transmission From Monkeys to Humans, Study Finds https://t.co/dkwZzY62oy'",0,None,540,0
2017-09-07 13:11:27,b'#Malaria: A Changing Scenario from the #Past to the #Future\nhttps://t.co/Moc8wQD19q https://t.co/0p2bKBwqQ4',0,Malaria,5,138
2017-09-07 13:11:01,b'Study examines beliefs stopping pregnant women fm taking anti-#malaria precautions @world_midwives @RollBackMalaria https://t.co/Fvrndg812b',1,malaria,2504,273
2017-09-07 13:08:38,b'South Sudan\xe2\x80\x99s malaria toll highlights disease burden in war-torn\xc2\xa0nation https://t.co/tlOenfcFsH',0,None,2489,1416
2017-09-07 13:07:51,"b'apart from mosquito coil, which other malaria medicine do you know again??'",0,None,954,3073
2017-09-07 13:07:34,"b'""Mitochondria is the power house of the cell"" aur ""Malaria is caused by female anopheles mosquito"" jaan ke koi doctor nahi ban jata. #quack'",0,quack,149,256
2017-09-07 13:03:58,"b'RT @Espinakka: Italy\n3.633 cases of Malaria in 4 years\n\nTypical European disease...\nThanks UN, EU, Lerner Spectre Soros Club\n https://t.co/\xe2\x80\xa6'",2,None,984,924
2017-09-07 13:01:53,b'Please RT? #travel #traveller Malaria-Free Destinations on Expresso Show: Waterberg. https://t.co/xSSZe8zS9s https://t.co/wbHbSmACk6',0,travel,1696,4263
2017-09-07 13:01:51,b'\xc2\xbb Italian officials fear the return of malaria after 4 y.o. girl dies of the disease https://t.co/6Ntjlm7onv',0,None,236,33
2017-09-07 13:01:31,"b'Check this out @scelosr , the MIT guys are always ahead https://t.co/I80RdysifH'",0,None,228,149
2017-09-07 12:58:52,b'RT @HazardChaos: Didier Drogba once stopped a civil war in his country. He also recovered from Malaria in 26 minutes. The man is a living l\xe2\x80\xa6',10,None,138,302
2017-09-07 12:58:27,b'IM BOUT TO GO TO A MALARIA PRONE COUNTRY WIT NO BUG SPRAY AS IF I DONT GOT A MOSQUITO PROBLEM &amp; MY BLOOD ISNT DELICIOUS AF #rip2me',0,rip2me,228,34
2017-09-07 12:58:22,"b""RT @dave_tunde: Pls DO NOT take antimalarial drugs with BLOOD TONIC or VITAMIN C! \nMalaria parasite 'feeds' on IRON!\n\n#HealthyNation\n#Healt\xe2\x80\xa6""",22,HealthyNation,344,244
2017-09-07 12:58:09,b'RT @OneHealthCom: #Malaria parasite spreads from howler monkeys to humans; disease eradication concern https://t.co/cZOWtVDMQz #ZoonoticDis\xe2\x80\xa6',9,Malaria,126,1314
2017-09-07 12:56:46,b'Italy Opens Manslaughter Probe Over Child\xe2\x80\x99s Malaria Death https://t.co/CSgmdEoIVo',0,None,2464,81
2017-09-07 12:56:41,b'Short History of Malaria and Its Eradication in Italy https://t.co/QTHE47aEpI',0,None,710,302
2017-09-07 12:55:15,b'Malaria: Italy treating death of girl as manslaughter (Punch) https://t.co/QoMlfY8boD https://t.co/YbYvXo7jB4',0,None,12248,1088
2017-09-07 12:54:42,b'RT @MalariaAtlas: Fine scale mapping of #malaria using routine health facility data in urban Tanzania identifies hotspots.@KitutuJR https:/\xe2\x80\xa6',10,malaria,508,1215
2017-09-07 12:53:57,"b""RT @IFRCAsiaPacific: Thousands hit by malaria, dengue as South Asia's worst #floods in a decade recede. https://t.co/2RGRp273vj @Reuters""",24,floods,68,349
2017-09-07 12:53:33,b'Malaria: Italy treating death of girl as manslaughter\xc2\xa0(Punch) https://t.co/QoMlfY8boD',0,None,12248,1088
2017-09-07 12:53:14,b'Nothing like getting cold malaria water spilled on you to wake you up in the morning. #propshop',0,propshop,1844,759
2017-09-07 12:51:40,b'RT @MalariaAtlas: Fine scale mapping of #malaria using routine health facility data in urban Tanzania identifies hotspots.@KitutuJR https:/\xe2\x80\xa6',10,malaria,356,474
2017-09-07 12:51:05,"b'Dirty water kills more children than war, malaria, HIV/AIDS and traffic accidents combined. https://t.co/Hekq45Xrhz via @savethewater'",0,None,127,97
2017-09-07 12:49:04,b'RT @V_of_Europe: Malaria Death of Four-Year-Old Girl in Italy Reignites Immigration Debate https://t.co/AjTdZfsf8Z',191,None,532,869
2017-09-07 12:48:31,b'RT @AMike4761: Malaria Death of Four-Year-Old Girl in Italy Reignites Immigration Debate as Syrian Refugees bring disease- #fo2eu  https://\xe2\x80\xa6',189,fo2eu,33,79
2017-09-07 12:47:29,b'Art Basel Malaria 2017. https://t.co/5IujqC5bd8',0,None,506,753
2017-09-07 12:45:00,"b'Thousands hit by malaria, dengue as #SouthAsia worst #floods in a decade recede https://t.co/Fr7Ocuv5BO\xe2\x80\xa6 https://t.co/STiND8cjjI'",0,SouthAsia,870,446
2017-09-07 12:44:52,"b""Malaria is one of the country's biggest problems, with 6.7 million new cases &amp; 4,000 deaths each year, particularly among children under 5""",0,None,10714,6378
2017-09-07 12:41:58,b'Malaria Deathof Four-Year-Old Girl in ItalyReignites Immigration Debate - Breitbart https://t.co/v71MZSNRS3 via @BreitbartNews #NODACA #WALL',0,NODACA,198,390
2017-09-07 12:41:35,b'Gut worm more deadly than malaria infecting millions https://t.co/m5bwvvvvsc via @YouTube',0,None,556,1006
2017-09-07 12:41:10,b'RT @MalariaAtlas: Fine scale mapping of #malaria using routine health facility data in urban Tanzania identifies hotspots.@KitutuJR https:/\xe2\x80\xa6',10,malaria,199,204
2017-09-07 12:40:32,b'RT @V_of_Europe: Malaria Death of Four-Year-Old Girl in Italy Reignites Immigration Debate https://t.co/AjTdZfsf8Z',191,None,1559,2363
2017-09-07 12:40:18,b'RT @imosenig: It once took @didierdrogba 26 minutes to recover from Malaria. A funny #ThrowBackThursday post this is.\n\nLOL https://t.co/o0u\xe2\x80\xa6',23,ThrowBackThursday,7925,3005
2017-09-07 12:40:07,"b'RT @malarianomoreuk: Clinical trials for the new ""game changing"" malaria drug to begin in 9 countries across Africa &amp; Asia #EndMalaria http\xe2\x80\xa6'",6,EndMalaria,56,130
2017-09-07 12:39:37,"b""In A Case That Is 'Almost Impossible,' Girl Dies Of Malaria In Italy https://t.co/2MLJKjCXII""",0,None,392,186
2017-09-07 12:39:20,b'RT @MalariaNoMore: RDTs and ACTs have been a major factor in the 62 percent drop in global #malaria deaths over the last 15 years. https://\xe2\x80\xa6',25,malaria,1550,2554
2017-09-07 12:38:51,b'No such thing as president trump + First Lady malaria https://t.co/n4hWGfmcHV',0,None,299,1642
2017-09-07 12:35:42,b'RT @HazardChaos: Didier Drogba once stopped a civil war in his country. He also recovered from Malaria in 26 minutes. The man is a living l\xe2\x80\xa6',10,None,1429,2488
2017-09-07 12:35:39,b'RT @CharlieBiggs27: This is about as funny as malaria https://t.co/bqQjRh2K3H',12,None,1685,1713
2017-09-07 12:34:56,"b'RT @MSF: #KillerDiseases: Every minute, one child under the age of 5 years dies of #malaria. Learn more about this big killer https://t.co/\xe2\x80\xa6'",55,KillerDiseases,1550,2554
2017-09-07 12:34:53,b'RT @MicrobioSoc: Avian malaria can be lethal to penguins. Researchers from @TwycrossZoo &amp; @UniofNottingham are working to prevent it https:\xe2\x80\xa6',8,None,373,511
2017-09-07 12:34:50,b'Side effect?\nMalaria girl autopsy today https://t.co/65pLOHPetB',0,None,114,120
2017-09-07 12:34:07,b'Italy opens manslaughter probe over child\xe2\x80\x99s malaria death https://t.co/C9lCzFY5Vz',0,None,3051,0
2017-09-07 12:33:26,"b""RT @aeroindiapune: It's mosquito breeding and high time to protect yourself and family from malaria, dengue and chikungunya.\n#Pune #mumbai\xe2\x80\xa6""",1,Pune,480,3460
2017-09-07 12:32:54,b'Italy opens manslaughter probe over child\xe2\x80\x99s malaria death https://t.co/2y9ftzzv1h',0,None,2065,1530
2017-09-07 12:32:11,"b'RT @ghn_news: Waters of South Asia\xe2\x80\x99s devastating floods are receding, but the nightmare isn\xe2\x80\x99t over for many in Nepal, Bangladesh https://t.\xe2\x80\xa6'",1,None,1088,430
2017-09-07 12:31:52,"b'RT @MedsforMalaria: In #SouthSudan, #malaria epidemic kills more than 4,000.  https://t.co/XutAI62LsL via @anadoluagency https://t.co/v0QtW\xe2\x80\xa6'",5,SouthSudan,1550,2554
2017-09-07 12:31:48,"b'Malaria infections are on the rise in South Sudan, with more than 1.3 million people infected in 2017 https://t.co/H16zu4agor'",0,None,369,291
